,Unnamed: 0.1,Unnamed: 0,PassengerId,Pclass,Name,Sex,Age,SibSp,Parch,Ticket,Fare,Cabin,Embarked,Survived
413,1393.0,491.0,,,,,,,,,,,,
719,49.0,439.0,440.0,2.0,"Kvillner, Mr. Johan Henrik Johannesson",male,31.0,0.0,0.0,C.A. 18723,10.5,,S,
2286,1341.0,,,,,,,,,,,,,
2332,234.0,,,,,,,,,,,,,
1903,28.0,,,,,,,,,,,,,
557,393.0,513.0,514.0,1.0,"Rothschild, Mrs. Martin (Elizabeth L. Barrett)",female,54.0,1.0,0.0,PC 17603,59.4,,C,
2451,1353.0,,,,,,,,,,,,,
2507,1270.0,,,,,,,,,,,,,
2757,1344.0,,,,,,,,,,,,,
2002,1051.0,,,,,,,,,,,,,
1026,1470.0,392.0,,,,,,,,,,,,
1293,683.0,101.0,102.0,3.0,"Petroff, Mr. Pastcho (""Pentcho"")",male,,0.0,0.0,349215,7.8958,,S,
1471,55.0,,,,,,,,,,,,,
2659,1230.0,,,,,,,,,,,,,
244,15.0,420.0,421.0,3.0,"Gheorgheff, Mr. Stanio",male,,0.0,0.0,349254,7.8958,,C,
251,1296.0,96.0,,,,,,,,,,,,
2137,1239.0,,,,,,,,,,,,,
2074,1409.0,,,,,,,,,,,,,
1416,297.0,733.0,734.0,2.0,"Berriman, Mr. William John",male,23.0,0.0,0.0,28425,13.0,,S,
1405,481.0,794.0,795.0,3.0,"Dantcheff, Mr. Ristiu",male,25.0,0.0,0.0,349203,7.8958,,S,
293,118.0,262.0,263.0,1.0,"Taussig, Mr. Emil",male,52.0,1.0,1.0,110413,79.65,E67,S,
827,382.0,226.0,227.0,2.0,"Mellors, Mr. William John",male,19.0,0.0,0.0,SW/PP 751,10.5,,S,
191,144.0,373.0,374.0,1.0,"Ringhini, Mr. Sante",male,22.0,0.0,0.0,PC 17760,135.6333,,C,
1757,1544.0,,,,,,,,,,,,,
644,1559.0,218.0,,,,,,,,,,,,
897,1333.0,600.0,,,,,,,,,,,,
1671,186.0,,,,,,,,,,,,,
185,1321.0,760.0,,,,,,,,,,,,
1283,1566.0,20.0,,,,,,,,,,,,
2574,1162.0,,,,,,,,,,,,,
2022,1072.0,,,,,,,,,,,,,
1866,829.0,,,,,,,,,,,,,
1007,771.0,9.0,10.0,2.0,"Nasser, Mrs. Nicholas (Adele Achem)",female,14.0,1.0,0.0,237736,30.0708,,C,
1542,593.0,,,,,,,,,,,,,
2673,1234.0,,,,,,,,,,,,,
2251,139.0,,,,,,,,,,,,,
1350,82.0,489.0,490.0,3.0,"Coutts, Master. Eden Leslie ""Neville""",male,9.0,1.0,1.0,C.A. 37671,15.9,,S,
1816,279.0,,,,,,,,,,,,,
97,767.0,280.0,281.0,3.0,"Duane, Mr. Frank",male,65.0,0.0,0.0,336439,7.75,,Q,
2284,586.0,,,,,,,,,,,,,
335,1552.0,209.0,,,,,,,,,,,,
1951,404.0,,,,,,,,,,,,,
368,1398.0,472.0,,,,,,,,,,,,
2875,1549.0,,,,,,,,,,,,,
2276,1424.0,,,,,,,,,,,,,
173,205.0,500.0,501.0,3.0,"Calic, Mr. Petar",male,17.0,0.0,0.0,315086,8.6625,,S,
1025,1237.0,73.0,,,,,,,,,,,,
1264,849.0,208.0,,,,,,,,,,,,
2571,42.0,,,,,,,,,,,,,
1310,1359.0,44.0,,,,,,,,,,,,
2298,1080.0,,,,,,,,,,,,,
1261,629.0,550.0,551.0,1.0,"Thayer, Mr. John Borland Jr",male,17.0,0.0,2.0,17421,110.8833,C70,C,
1465,1363.0,,,,,,,,,,,,,
1064,679.0,364.0,365.0,3.0,"O'Brien, Mr. Thomas",male,,1.0,0.0,370365,15.5,,Q,
2263,977.0,,,,,,,,,,,,,
178,354.0,693.0,694.0,3.0,"Saad, Mr. Khalil",male,25.0,0.0,0.0,2672,7.225,,C,
1298,242.0,149.0,150.0,2.0,"Byles, Rev. Thomas Roussel Davids",male,42.0,0.0,0.0,244310,13.0,,S,
1172,1112.0,380.0,,,,,,,,,,,,
1594,160.0,,,,,,,,,,,,,
2441,913.0,,,,,,,,,,,,,
2823,663.0,,,,,,,,,,,,,
593,443.0,630.0,631.0,1.0,"Barkworth, Mr. Algernon Henry Wilson",male,80.0,0.0,0.0,27042,30.0,A23,S,
1195,460.0,569.0,570.0,3.0,"Jonsson, Mr. Carl",male,32.0,0.0,0.0,350417,7.8542,,S,
893,478.0,718.0,719.0,3.0,"McEvoy, Mr. Michael",male,,0.0,0.0,36568,15.5,,Q,
2633,1401.0,,,,,,,,,,,,,
787,344.0,881.0,882.0,3.0,"Markun, Mr. Johann",male,33.0,0.0,0.0,349257,7.8958,,S,
2671,1130.0,,,,,,,,,,,,,
699,1219.0,345.0,,,,,,,,,,,,
1619,354.0,,,,,,,,,,,,,
1203,506.0,839.0,840.0,1.0,"Marechal, Mr. Pierre",male,,0.0,0.0,11774,29.7,C47,C,
171,278.0,883.0,884.0,2.0,"Banfield, Mr. Frederick James",male,28.0,0.0,0.0,C.A./SOTON 34068,10.5,,S,
1006,601.0,666.0,667.0,2.0,"Butler, Mr. Reginald Fenton",male,25.0,0.0,0.0,234686,13.0,,S,
480,452.0,557.0,558.0,1.0,"Robbins, Mr. Victor",male,,0.0,0.0,PC 17757,227.525,,C,
2713,7.0,,,,,,,,,,,,,
288,14.0,803.0,804.0,3.0,"Thomas, Master. Assad Alexander",male,0.42,0.0,1.0,2625,8.5167,,C,
582,1572.0,9.0,,,,,,,,,,,,
1355,347.0,71.0,72.0,3.0,"Goodwin, Miss. Lillian Amy",female,16.0,5.0,2.0,CA 2144,46.9,,S,
828,1565.0,726.0,,,,,,,,,,,,
645,215.0,546.0,547.0,2.0,"Beane, Mrs. Edward (Ethel Clarke)",female,19.0,1.0,0.0,2908,26.0,,S,
1107,833.0,823.0,,,,,,,,,,,,
1652,364.0,,,,,,,,,,,,,
1423,985.0,684.0,,,,,,,,,,,,
1034,1527.0,106.0,,,,,,,,,,,,
796,214.0,285.0,286.0,3.0,"Stankovic, Mr. Ivan",male,33.0,0.0,0.0,349239,8.6625,,C,
1599,406.0,,,,,,,,,,,,,
1391,464.0,382.0,383.0,3.0,"Tikkanen, Mr. Juho",male,32.0,0.0,0.0,STON/O 2. 3101293,7.925,,S,
563,497.0,735.0,736.0,3.0,"Williams, Mr. Leslie",male,28.5,0.0,0.0,54636,16.1,,S,
2126,692.0,,,,,,,,,,,,,
968,447.0,329.0,330.0,1.0,"Hippach, Miss. Jean Gertrude",female,16.0,0.0,1.0,111361,57.9792,B18,C,
1353,357.0,94.0,95.0,3.0,"Coxon, Mr. Daniel",male,59.0,0.0,0.0,364500,7.25,,S,
2685,169.0,,,,,,,,,,,,,
2878,360.0,,,,,,,,,,,,,
2869,825.0,,,,,,,,,,,,,
2190,1340.0,,,,,,,,,,,,,
1072,155.0,603.0,604.0,3.0,"Torber, Mr. Ernst William",male,44.0,0.0,0.0,364511,8.05,,S,
898,929.0,197.0,,,,,,,,,,,,
2466,1237.0,,,,,,,,,,,,,
1470,477.0,,,,,,,,,,,,,
292,1226.0,85.0,,,,,,,,,,,,
2199,146.0,,,,,,,,,,,,,
951,1480.0,364.0,,,,,,,,,,,,
711,1581.0,829.0,,,,,,,,,,,,
2144,1150.0,,,,,,,,,,,,,
153,160.0,183.0,184.0,2.0,"Becker, Master. Richard F",male,1.0,2.0,1.0,230136,39.0,F4,S,
973,1196.0,555.0,,,,,,,,,,,,
741,202.0,274.0,275.0,3.0,"Healy, Miss. Hanora ""Nora""",female,,0.0,0.0,370375,7.75,,Q,
1112,836.0,407.0,,,,,,,,,,,,
869,1579.0,43.0,,,,,,,,,,,,
656,496.0,113.0,114.0,3.0,"Jussila, Miss. Katriina",female,20.0,1.0,0.0,4136,9.825,,S,
1308,40.0,212.0,213.0,3.0,"Perkin, Mr. John Henry",male,22.0,0.0,0.0,A/5 21174,7.25,,S,
742,1090.0,97.0,,,,,,,,,,,,
1890,976.0,,,,,,,,,,,,,
2640,50.0,,,,,,,,,,,,,
170,248.0,465.0,466.0,3.0,"Goncalves, Mr. Manuel Estanslas",male,38.0,0.0,0.0,SOTON/O.Q. 3101306,7.05,,S,
225,1039.0,26.0,,,,,,,,,,,,
837,1362.0,722.0,,,,,,,,,,,,
2842,665.0,,,,,,,,,,,,,
1436,247.0,390.0,391.0,1.0,"Carter, Mr. William Ernest",male,36.0,1.0,2.0,113760,120.0,B96 B98,S,
418,572.0,98.0,99.0,2.0,"Doling, Mrs. John T (Ada Julia Bone)",female,34.0,0.0,1.0,231919,23.0,,S,
835,1424.0,844.0,,,,,,,,,,,,
39,769.0,609.0,610.0,1.0,"Shutes, Miss. Elizabeth W",female,40.0,0.0,0.0,PC 17582,153.4625,C125,S,
1834,105.0,,,,,,,,,,,,,
2648,839.0,,,,,,,,,,,,,
1244,169.0,425.0,426.0,3.0,"Wiseman, Mr. Phillippe",male,,0.0,0.0,A/4. 34244,7.25,,S,
19,820.0,709.0,,,,,,,,,,,,
2651,602.0,,,,,,,,,,,,,
1885,211.0,,,,,,,,,,,,,
2533,1496.0,,,,,,,,,,,,,
1794,130.0,,,,,,,,,,,,,
446,962.0,120.0,,,,,,,,,,,,
2385,1468.0,,,,,,,,,,,,,
328,246.0,562.0,563.0,2.0,"Norman, Mr. Robert Douglas",male,28.0,0.0,0.0,218629,13.5,,S,
2244,1378.0,,,,,,,,,,,,,
922,948.0,188.0,,,,,,,,,,,,
594,1029.0,413.0,,,,,,,,,,,,
2696,1348.0,,,,,,,,,,,,,
1968,1582.0,,,,,,,,,,,,,
135,456.0,852.0,853.0,3.0,"Boulos, Miss. Nourelain",female,9.0,1.0,1.0,2678,15.2458,,C,
2802,1494.0,,,,,,,,,,,,,
1307,1251.0,34.0,,,,,,,,,,,,
263,259.0,840.0,841.0,3.0,"Alhomaki, Mr. Ilmari Rudolf",male,20.0,0.0,0.0,SOTON/O2 3101287,7.925,,S,
651,1171.0,617.0,,,,,,,,,,,,
2491,783.0,,,,,,,,,,,,,
1374,885.0,679.0,,,,,,,,,,,,
1611,248.0,,,,,,,,,,,,,
271,293.0,143.0,144.0,3.0,"Burke, Mr. Jeremiah",male,19.0,0.0,0.0,365222,6.75,,Q,
1149,291.0,264.0,265.0,3.0,"Henry, Miss. Delia",female,,0.0,0.0,382649,7.75,,Q,
2705,849.0,,,,,,,,,,,,,
339,1160.0,282.0,,,,,,,,,,,,
1915,1104.0,,,,,,,,,,,,,
1576,456.0,,,,,,,,,,,,,
1263,620.0,228.0,229.0,2.0,"Fahlstrom, Mr. Arne Jonas",male,18.0,0.0,0.0,236171,13.0,,S,
1790,1157.0,,,,,,,,,,,,,
783,1025.0,305.0,,,,,,,,,,,,
830,877.0,798.0,,,,,,,,,,,,
1609,1487.0,,,,,,,,,,,,,
931,1493.0,257.0,,,,,,,,,,,,
2521,1100.0,,,,,,,,,,,,,
1194,403.0,734.0,735.0,2.0,"Troupiansky, Mr. Moses Aaron",male,23.0,0.0,0.0,233639,13.0,,S,
1739,233.0,,,,,,,,,,,,,
90,914.0,623.0,,,,,,,,,,,,
1028,1441.0,102.0,,,,,,,,,,,,
308,1408.0,248.0,,,,,,,,,,,,
1721,1334.0,,,,,,,,,,,,,
818,151.0,325.0,326.0,1.0,"Young, Miss. Marie Grice",female,36.0,0.0,0.0,PC 17760,135.6333,C32,C,
2391,655.0,,,,,,,,,,,,,
1674,781.0,,,,,,,,,,,,,
624,1109.0,553.0,,,,,,,,,,,,
212,614.0,142.0,143.0,3.0,"Hakkarainen, Mrs. Pekka Pietari (Elin Matilda Dolck)",female,24.0,1.0,0.0,STON/O2. 3101279,15.85,,S,
1740,544.0,,,,,,,,,,,,,
2287,1336.0,,,,,,,,,,,,,
678,1324.0,822.0,,,,,,,,,,,,
2595,1166.0,,,,,,,,,,,,,
1289,880.0,467.0,,,,,,,,,,,,
585,727.0,418.0,419.0,2.0,"Matthews, Mr. William John",male,30.0,0.0,0.0,28228,13.0,,S,
1146,1077.0,827.0,,,,,,,,,,,,
732,140.0,56.0,57.0,2.0,"Rugg, Miss. Emily",female,21.0,0.0,0.0,C.A. 31026,10.5,,S,
1216,525.0,843.0,844.0,3.0,"Lemberopolous, Mr. Peter L",male,34.5,0.0,0.0,2683,6.4375,,C,
789,22.0,230.0,231.0,1.0,"Harris, Mrs. Henry Birkhardt (Irene Wallach)",female,35.0,1.0,0.0,36973,83.475,C83,S,
2591,608.0,,,,,,,,,,,,,
388,1304.0,372.0,,,,,,,,,,,,
1450,77.0,,,,,,,,,,,,,
2763,1306.0,,,,,,,,,,,,,
1487,717.0,,,,,,,,,,,,,
2621,1561.0,,,,,,,,,,,,,
1993,1046.0,,,,,,,,,,,,,
1509,1467.0,,,,,,,,,,,,,
1717,276.0,,,,,,,,,,,,,
2001,1120.0,,,,,,,,,,,,,
1068,191.0,344.0,345.0,2.0,"Fox, Mr. Stanley Hubert",male,36.0,0.0,0.0,229236,13.0,,S,
1184,1415.0,142.0,,,,,,,,,,,,
2699,3.0,,,,,,,,,,,,,
1208,1256.0,519.0,,,,,,,,,,,,
1067,1478.0,644.0,,,,,,,,,,,,
2807,1560.0,,,,,,,,,,,,,
374,413.0,363.0,364.0,3.0,"Asim, Mr. Adola",male,35.0,0.0,0.0,SOTON/O.Q. 3101310,7.05,,S,
805,873.0,833.0,,,,,,,,,,,,
1921,452.0,,,,,,,,,,,,,
2275,733.0,,,,,,,,,,,,,
1530,161.0,,,,,,,,,,,,,
1448,1347.0,,,,,,,,,,,,,
499,1185.0,104.0,,,,,,,,,,,,
707,1267.0,680.0,,,,,,,,,,,,
279,309.0,850.0,851.0,3.0,"Andersson, Master. Sigvard Harald Elias",male,4.0,4.0,2.0,347082,31.275,,S,
1654,222.0,,,,,,,,,,,,,
329,788.0,753.0,754.0,3.0,"Jonkoff, Mr. Lalio",male,23.0,0.0,0.0,349204,7.8958,,S,
16,500.0,343.0,344.0,2.0,"Sedgwick, Mr. Charles Frederick Waddington",male,25.0,0.0,0.0,244361,13.0,,S,
1933,678.0,,,,,,,,,,,,,
38,225.0,220.0,221.0,3.0,"Sunderland, Mr. Victor Francis",male,16.0,0.0,0.0,SOTON/OQ 392089,8.05,,S,
457,656.0,768.0,769.0,3.0,"Moran, Mr. Daniel J",male,,1.0,0.0,371110,24.15,,Q,
858,351.0,611.0,612.0,3.0,"Jardin, Mr. Jose Neto",male,,0.0,0.0,SOTON/O.Q. 3101305,7.05,,S,
1843,1193.0,,,,,,,,,,,,,
69,235.0,810.0,811.0,3.0,"Alexander, Mr. William",male,26.0,0.0,0.0,3474,7.8875,,S,
2108,664.0,,,,,,,,,,,,,
142,1382.0,478.0,,,,,,,,,,,,
539,859.0,461.0,,,,,,,,,,,,
2184,1240.0,,,,,,,,,,,,,
2371,490.0,,,,,,,,,,,,,
255,1546.0,341.0,,,,,,,,,,,,
1257,1225.0,463.0,,,,,,,,,,,,
248,981.0,629.0,,,,,,,,,,,,
1871,1236.0,,,,,,,,,,,,,
2535,12.0,,,,,,,,,,,,,
203,386.0,95.0,96.0,3.0,"Shorney, Mr. Charles Joseph",male,,0.0,0.0,374910,8.05,,S,
1996,900.0,,,,,,,,,,,,,
1092,1496.0,356.0,,,,,,,,,,,,
927,831.0,437.0,,,,,,,,,,,,
865,1421.0,228.0,,,,,,,,,,,,
1845,1576.0,,,,,,,,,,,,,
1368,80.0,359.0,360.0,3.0,"Mockler, Miss. Helen Mary ""Ellie""",female,,0.0,0.0,330980,7.8792,,Q,
1507,426.0,,,,,,,,,,,,,
1977,1361.0,,,,,,,,,,,,,
1074,654.0,749.0,750.0,3.0,"Connaghton, Mr. Michael",male,31.0,0.0,0.0,335097,7.75,,Q,
1282,1274.0,587.0,,,,,,,,,,,,
2613,1112.0,,,,,,,,,,,,,
2384,674.0,,,,,,,,,,,,,
1045,244.0,221.0,222.0,2.0,"Bracken, Mr. James H",male,27.0,0.0,0.0,220367,13.0,,S,
975,417.0,882.0,883.0,3.0,"Dahlberg, Miss. Gerda Ulrika",female,22.0,0.0,0.0,7552,10.5167,,S,
930,490.0,66.0,67.0,2.0,"Nye, Mrs. (Elizabeth Ramell)",female,29.0,0.0,0.0,C.A. 29395,10.5,F33,S,
2157,1307.0,,,,,,,,,,,,,
1719,1473.0,,,,,,,,,,,,,
1486,1326.0,,,,,,,,,,,,,
2576,700.0,,,,,,,,,,,,,
1319,1253.0,557.0,,,,,,,,,,,,
1752,1456.0,,,,,,,,,,,,,
2221,1020.0,,,,,,,,,,,,,
850,1217.0,116.0,,,,,,,,,,,,
1706,1394.0,,,,,,,,,,,,,
492,678.0,216.0,217.0,3.0,"Honkanen, Miss. Eliina",female,27.0,0.0,0.0,STON/O2. 3101283,7.925,,S,
506,84.0,679.0,680.0,1.0,"Cardeza, Mr. Thomas Drake Martinez",male,36.0,0.0,1.0,PC 17755,512.3292,B51 B53 B55,C,
1463,362.0,,,,,,,,,,,,,
2368,831.0,,,,,,,,,,,,,
1036,1138.0,175.0,,,,,,,,,,,,
613,1259.0,4.0,,,,,,,,,,,,
2154,1212.0,,,,,,,,,,,,,
1749,1408.0,,,,,,,,,,,,,
673,748.0,616.0,617.0,3.0,"Danbom, Mr. Ernst Gilbert",male,34.0,1.0,1.0,347080,14.4,,S,
2828,122.0,,,,,,,,,,,,,
222,33.0,804.0,805.0,3.0,"Hedman, Mr. Oskar Arvid",male,27.0,0.0,0.0,347089,6.975,,S,
1852,1553.0,,,,,,,,,,,,,
992,339.0,386.0,387.0,3.0,"Goodwin, Master. Sidney Leonard",male,1.0,5.0,2.0,CA 2144,46.9,,S,
500,832.0,745.0,,,,,,,,,,,,
2100,1396.0,,,,,,,,,,,,,
1247,184.0,684.0,685.0,2.0,"Brown, Mr. Thomas William Solomon",male,60.0,1.0,1.0,29750,39.0,,S,
92,1094.0,143.0,,,,,,,,,,,,
1387,122.0,227.0,228.0,3.0,"Lovell, Mr. John Hall (""Henry"")",male,20.5,0.0,0.0,A/5 21173,7.25,,S,
2801,1311.0,,,,,,,,,,,,,
2372,1493.0,,,,,,,,,,,,,
2185,430.0,,,,,,,,,,,,,
2309,732.0,,,,,,,,,,,,,
1804,378.0,,,,,,,,,,,,,
1687,1086.0,,,,,,,,,,,,,
1686,434.0,,,,,,,,,,,,,
1009,653.0,796.0,797.0,1.0,"Leader, Dr. Alice (Farnham)",female,49.0,0.0,0.0,17465,25.9292,D17,S,
337,838.0,571.0,,,,,,,,,,,,
2489,547.0,,,,,,,,,,,,,
2413,852.0,,,,,,,,,,,,,
275,951.0,719.0,,,,,,,,,,,,
2596,1453.0,,,,,,,,,,,,,
1923,1288.0,,,,,,,,,,,,,
259,498.0,884.0,885.0,3.0,"Sutehall, Mr. Henry Jr",male,25.0,0.0,0.0,SOTON/OQ 392076,7.05,,S,
467,1303.0,477.0,,,,,,,,,,,,
1420,99.0,708.0,709.0,1.0,"Cleaver, Miss. Alice",female,22.0,0.0,0.0,113781,151.55,,S,
663,954.0,838.0,,,,,,,,,,,,
2110,1290.0,,,,,,,,,,,,,
2104,954.0,,,,,,,,,,,,,
1248,621.0,224.0,225.0,1.0,"Hoyt, Mr. Frederick Maxfield",male,38.0,1.0,0.0,19943,90.0,C93,S,
349,1157.0,253.0,,,,,,,,,,,,
76,16.0,371.0,372.0,3.0,"Wiklund, Mr. Jakob Alfred",male,18.0,1.0,0.0,3101267,6.4958,,S,
2386,867.0,,,,,,,,,,,,,
1648,249.0,,,,,,,,,,,,,
397,4.0,316.0,317.0,2.0,"Kantor, Mrs. Sinai (Miriam Sternin)",female,24.0,1.0,0.0,244367,26.0,,S,
1196,1497.0,87.0,,,,,,,,,,,,
311,1456.0,170.0,,,,,,,,,,,,
2067,373.0,,,,,,,,,,,,,
2565,644.0,,,,,,,,,,,,,
1651,571.0,,,,,,,,,,,,,
2614,1073.0,,,,,,,,,,,,,
988,1406.0,163.0,,,,,,,,,,,,
2412,1198.0,,,,,,,,,,,,,
2665,1328.0,,,,,,,,,,,,,
427,190.0,782.0,783.0,1.0,"Long, Mr. Milton Clyde",male,29.0,0.0,0.0,113501,30.0,D6,S,
1754,1121.0,,,,,,,,,,,,,
1000,913.0,482.0,,,,,,,,,,,,
1225,267.0,549.0,550.0,2.0,"Davies, Master. John Morgan Jr",male,8.0,1.0,1.0,C.A. 33112,36.75,,S,
461,1190.0,578.0,,,,,,,,,,,,
2011,1183.0,,,,,,,,,,,,,
2627,1143.0,,,,,,,,,,,,,
2013,980.0,,,,,,,,,,,,,
728,625.0,136.0,137.0,1.0,"Newsom, Miss. Helen Monypeny",female,19.0,0.0,2.0,11752,26.2833,D47,S,
821,565.0,662.0,663.0,1.0,"Colley, Mr. Edward Pomeroy",male,47.0,0.0,0.0,5727,25.5875,E58,S,
1986,708.0,,,,,,,,,,,,,
2497,482.0,,,,,,,,,,,,,
1822,183.0,,,,,,,,,,,,,
1246,86.0,576.0,577.0,2.0,"Garside, Miss. Ethel",female,34.0,0.0,0.0,243880,13.0,,S,
1681,1023.0,,,,,,,,,,,,,
1183,166.0,791.0,792.0,2.0,"Gaskell, Mr. Alfred",male,16.0,0.0,0.0,239865,26.0,,S,
1601,1371.0,,,,,,,,,,,,,
1899,1392.0,,,,,,,,,,,,,
634,1156.0,13.0,,,,,,,,,,,,
584,256.0,64.0,65.0,1.0,"Stewart, Mr. Albert A",male,,0.0,0.0,PC 17605,27.7208,,C,
11,1357.0,388.0,,,,,,,,,,,,
300,1310.0,530.0,,,,,,,,,,,,
79,1265.0,382.0,,,,,,,,,,,,
1792,1210.0,,,,,,,,,,,,,
309,422.0,686.0,687.0,3.0,"Panula, Mr. Jaako Arnold",male,14.0,4.0,1.0,3101295,39.6875,,S,
854,438.0,234.0,235.0,2.0,"Leyson, Mr. Robert William Norman",male,24.0,0.0,0.0,C.A. 29566,10.5,,S,
770,1512.0,381.0,,,,,,,,,,,,
371,561.0,722.0,723.0,2.0,"Gillespie, Mr. William Henry",male,34.0,0.0,0.0,12233,13.0,,S,
1106,220.0,700.0,701.0,1.0,"Astor, Mrs. John Jacob (Madeleine Talmadge Force)",female,18.0,1.0,0.0,PC 17757,227.525,C62 C64,C,
2064,944.0,,,,,,,,,,,,,
890,1558.0,23.0,,,,,,,,,,,,
1523,1463.0,,,,,,,,,,,,,
2761,397.0,,,,,,,,,,,,,
2478,681.0,,,,,,,,,,,,,
2318,1587.0,,,,,,,,,,,,,
1410,1372.0,182.0,,,,,,,,,,,,
1294,315.0,875.0,876.0,3.0,"Najib, Miss. Adele Kiamie ""Jane""",female,15.0,0.0,0.0,2667,7.225,,C,
2469,1441.0,,,,,,,,,,,,,
729,728.0,807.0,808.0,3.0,"Pettersson, Miss. Ellen Natalia",female,18.0,0.0,0.0,347087,7.775,,S,
969,473.0,587.0,588.0,1.0,"Frolicher-Stehli, Mr. Maxmillian",male,60.0,1.0,1.0,13567,79.2,B41,C,
2767,282.0,,,,,,,,,,,,,
1884,1536.0,,,,,,,,,,,,,
813,1286.0,538.0,,,,,,,,,,,,
2704,620.0,,,,,,,,,,,,,
2560,94.0,,,,,,,,,,,,,
1193,891.0,815.0,,,,,,,,,,,,
823,768.0,6.0,7.0,1.0,"McCarthy, Mr. Timothy J",male,54.0,0.0,0.0,17463,51.8625,E46,S,
404,1576.0,710.0,,,,,,,,,,,,
2628,1368.0,,,,,,,,,,,,,
2830,287.0,,,,,,,,,,,,,
591,266.0,879.0,880.0,1.0,"Potter, Mrs. Thomas Jr (Lily Alexenia Wilson)",female,56.0,0.0,1.0,11767,83.1583,C50,C,
995,306.0,203.0,204.0,3.0,"Youseff, Mr. Gerious",male,45.5,0.0,0.0,2628,7.225,,C,
2407,474.0,,,,,,,,,,,,,
1620,1038.0,,,,,,,,,,,,,
1136,1380.0,5.0,,,,,,,,,,,,
286,1053.0,352.0,,,,,,,,,,,,
518,510.0,494.0,495.0,3.0,"Stanley, Mr. Edward Roland",male,21.0,0.0,0.0,A/4 45380,8.05,,S,
133,1301.0,343.0,,,,,,,,,,,,
2175,469.0,,,,,,,,,,,,,
2714,13.0,,,,,,,,,,,,,
2090,1476.0,,,,,,,,,,,,,
2312,979.0,,,,,,,,,,,,,
433,550.0,91.0,92.0,3.0,"Andreasson, Mr. Paul Edvin",male,20.0,0.0,0.0,347466,7.8542,,S,
1730,1329.0,,,,,,,,,,,,,
2142,785.0,,,,,,,,,,,,,
270,9.0,870.0,871.0,3.0,"Balkic, Mr. Cerin",male,26.0,0.0,0.0,349248,7.8958,,S,
420,1280.0,886.0,,,,,,,,,,,,
961,786.0,108.0,109.0,3.0,"Rekic, Mr. Tido",male,38.0,0.0,0.0,349249,7.8958,,S,
28,1318.0,260.0,,,,,,,,,,,,
1165,1584.0,800.0,,,,,,,,,,,,
1113,622.0,657.0,658.0,3.0,"Bourke, Mrs. John (Catherine)",female,32.0,1.0,1.0,364849,15.5,,Q,
638,752.0,124.0,125.0,1.0,"White, Mr. Percival Wayland",male,54.0,0.0,1.0,35281,77.2875,D26,S,
1833,645.0,,,,,,,,,,,,,
1425,73.0,691.0,692.0,3.0,"Karun, Miss. Manca",female,4.0,0.0,1.0,349256,13.4167,,C,
549,1509.0,861.0,,,,,,,,,,,,
118,1216.0,821.0,,,,,,,,,,,,
950,655.0,170.0,171.0,1.0,"Van der hoef, Mr. Wyckoff",male,61.0,0.0,0.0,111240,33.5,B19,S,
1429,1247.0,832.0,,,,,,,,,,,,
1084,468.0,127.0,128.0,3.0,"Madsen, Mr. Fridtjof Arne",male,24.0,0.0,0.0,C 17369,7.1417,,S,
1317,949.0,642.0,,,,,,,,,,,,
1302,1495.0,231.0,,,,,,,,,,,,
1020,1550.0,299.0,,,,,,,,,,,,
1174,271.0,514.0,515.0,3.0,"Coleff, Mr. Satio",male,24.0,0.0,0.0,349209,7.4958,,S,
2850,1302.0,,,,,,,,,,,,,
2770,507.0,,,,,,,,,,,,,
126,1315.0,287.0,,,,,,,,,,,,
1397,1208.0,797.0,,,,,,,,,,,,
1812,561.0,,,,,,,,,,,,,
1150,608.0,41.0,42.0,2.0,"Turpin, Mrs. William John Robert (Dorothy Ann Wonnacott)",female,27.0,1.0,0.0,11668,21.0,,S,
1782,843.0,,,,,,,,,,,,,
1306,1530.0,777.0,,,,,,,,,,,,
1327,1103.0,759.0,,,,,,,,,,,,
1378,283.0,501.0,502.0,3.0,"Canavan, Miss. Mary",female,21.0,0.0,0.0,364846,7.75,,Q,
422,805.0,316.0,,,,,,,,,,,,
1496,448.0,,,,,,,,,,,,,
1872,1534.0,,,,,,,,,,,,,
2061,110.0,,,,,,,,,,,,,
599,1235.0,69.0,,,,,,,,,,,,
2797,1387.0,,,,,,,,,,,,,
2657,525.0,,,,,,,,,,,,,
2816,528.0,,,,,,,,,,,,,
1270,514.0,287.0,288.0,3.0,"Naidenoff, Mr. Penko",male,22.0,0.0,0.0,349206,7.8958,,S,
792,1589.0,753.0,,,,,,,,,,,,
2361,1200.0,,,,,,,,,,,,,
1766,1188.0,,,,,,,,,,,,,
2862,1139.0,,,,,,,,,,,,,
493,613.0,480.0,481.0,3.0,"Goodwin, Master. Harold Victor",male,9.0,5.0,2.0,CA 2144,46.9,,S,
2313,290.0,,,,,,,,,,,,,
1934,613.0,,,,,,,,,,,,,
1922,590.0,,,,,,,,,,,,,
2198,1246.0,,,,,,,,,,,,,
2227,1330.0,,,,,,,,,,,,,
1039,197.0,347.0,348.0,3.0,"Davison, Mrs. Thomas Henry (Mary E Finck)",female,,1.0,0.0,386525,16.1,,S,
1300,240.0,279.0,280.0,3.0,"Abbott, Mrs. Stanton (Rosa Hunt)",female,35.0,1.0,1.0,C.A. 2673,20.25,,S,
2517,897.0,,,,,,,,,,,,,
1213,1491.0,741.0,,,,,,,,,,,,
2840,87.0,,,,,,,,,,,,,
2677,905.0,,,,,,,,,,,,,
1115,429.0,134.0,135.0,2.0,"Sobey, Mr. Samuel James Hayden",male,25.0,0.0,0.0,C.A. 29178,13.0,,S,
2383,1177.0,,,,,,,,,,,,,
2354,600.0,,,,,,,,,,,,,
1494,1385.0,,,,,,,,,,,,,
589,1365.0,201.0,,,,,,,,,,,,
218,549.0,239.0,240.0,2.0,"Hunt, Mr. George Henry",male,33.0,0.0,0.0,SCO/W 1585,12.275,,S,
977,471.0,786.0,787.0,3.0,"Sjoblom, Miss. Anna Sofia",female,18.0,0.0,0.0,3101265,7.4958,,S,
669,1290.0,655.0,,,,,,,,,,,,
2084,594.0,,,,,,,,,,,,,
907,96.0,683.0,684.0,3.0,"Goodwin, Mr. Charles Edward",male,14.0,5.0,2.0,CA 2144,46.9,,S,
2019,1332.0,,,,,,,,,,,,,
819,851.0,475.0,,,,,,,,,,,,
1837,303.0,,,,,,,,,,,,,
83,1338.0,496.0,,,,,,,,,,,,
342,536.0,811.0,812.0,3.0,"Lester, Mr. James",male,39.0,0.0,0.0,A/4 48871,24.15,,S,
761,69.0,240.0,241.0,3.0,"Zabour, Miss. Thamine",female,,1.0,0.0,2665,14.4542,,C,
2831,893.0,,,,,,,,,,,,,
1483,446.0,,,,,,,,,,,,,
2871,973.0,,,,,,,,,,,,,
1772,18.0,,,,,,,,,,,,,
2349,57.0,,,,,,,,,,,,,
1171,433.0,645.0,646.0,1.0,"Harper, Mr. Henry Sleeper",male,48.0,1.0,0.0,PC 17572,76.7292,D33,C,
2876,1542.0,,,,,,,,,,,,,
2148,1267.0,,,,,,,,,,,,,
1950,1419.0,,,,,,,,,,,,,
291,1485.0,596.0,,,,,,,,,,,,
425,829.0,362.0,,,,,,,,,,,,
1832,1052.0,,,,,,,,,,,,,
1013,1335.0,673.0,,,,,,,,,,,,
2556,429.0,,,,,,,,,,,,,
2346,910.0,,,,,,,,,,,,,
1109,1228.0,432.0,,,,,,,,,,,,
436,1068.0,549.0,,,,,,,,,,,,
2422,579.0,,,,,,,,,,,,,
619,369.0,808.0,809.0,2.0,"Meyer, Mr. August",male,39.0,0.0,0.0,248723,13.0,,S,
440,564.0,201.0,202.0,3.0,"Sage, Mr. Frederick",male,,8.0,2.0,CA. 2343,69.55,,S,
2152,1581.0,,,,,,,,,,,,,
1276,1433.0,675.0,,,,,,,,,,,,
815,1526.0,294.0,,,,,,,,,,,,
1444,372.0,,,,,,,,,,,,,
117,107.0,658.0,659.0,2.0,"Eitemiller, Mr. George Floyd",male,23.0,0.0,0.0,29751,13.0,,S,
598,857.0,187.0,,,,,,,,,,,,
2639,1178.0,,,,,,,,,,,,,
2356,739.0,,,,,,,,,,,,,
778,694.0,231.0,232.0,3.0,"Larsson, Mr. Bengt Edvin",male,29.0,0.0,0.0,347067,7.775,,S,
933,329.0,263.0,264.0,1.0,"Harrison, Mr. William",male,40.0,0.0,0.0,112059,0.0,B94,S,
1650,560.0,,,,,,,,,,,,,
2594,1136.0,,,,,,,,,,,,,
1640,697.0,,,,,,,,,,,,,
525,1319.0,111.0,,,,,,,,,,,,
1226,487.0,369.0,370.0,1.0,"Aubart, Mme. Leontine Pauline",female,24.0,0.0,0.0,PC 17477,69.3,B35,C,
686,98.0,123.0,124.0,2.0,"Webber, Miss. Susan",female,32.5,0.0,0.0,27267,13.0,E101,S,
2881,424.0,,,,,,,,,,,,,
1989,666.0,,,,,,,,,,,,,
766,484.0,701.0,702.0,1.0,"Silverthorne, Mr. Spencer Victor",male,35.0,0.0,0.0,PC 17475,26.2875,E24,S,
146,281.0,298.0,299.0,1.0,"Saalfeld, Mr. Adolphe",male,,0.0,0.0,19988,30.5,C106,S,
2622,967.0,,,,,,,,,,,,,
1273,13.0,261.0,262.0,3.0,"Asplund, Master. Edvin Rojj Felix",male,3.0,4.0,2.0,347077,31.3875,,S,
164,641.0,813.0,814.0,3.0,"Andersson, Miss. Ebba Iris Alfrida",female,6.0,4.0,2.0,347082,31.275,,S,
2034,443.0,,,,,,,,,,,,,
984,43.0,548.0,549.0,3.0,"Goldsmith, Mr. Frank John",male,33.0,1.0,1.0,363291,20.525,,S,
1396,111.0,620.0,621.0,3.0,"Yasbeck, Mr. Antoni",male,27.0,1.0,0.0,2659,14.4542,,C,
2475,1527.0,,,,,,,,,,,,,
543,1379.0,72.0,,,,,,,,,,,,
2584,207.0,,,,,,,,,,,,,
1615,1006.0,,,,,,,,,,,,,
1713,1017.0,,,,,,,,,,,,,
2293,578.0,,,,,,,,,,,,,
179,1038.0,336.0,,,,,,,,,,,,
708,1577.0,527.0,,,,,,,,,,,,
2792,444.0,,,,,,,,,,,,,
583,124.0,717.0,718.0,2.0,"Troutt, Miss. Edwina Celia ""Winnie""",female,27.0,0.0,0.0,34218,10.5,E101,S,
2510,396.0,,,,,,,,,,,,,
2552,39.0,,,,,,,,,,,,,
648,745.0,341.0,342.0,1.0,"Fortune, Miss. Alice Elizabeth",female,24.0,3.0,2.0,19950,263.0,C23 C25 C27,S,
438,1192.0,152.0,,,,,,,,,,,,
567,688.0,88.0,89.0,1.0,"Fortune, Miss. Mabel Helen",female,23.0,3.0,2.0,19950,263.0,C23 C25 C27,S,
2508,1478.0,,,,,,,,,,,,,
1641,231.0,,,,,,,,,,,,,
305,1420.0,256.0,,,,,,,,,,,,
2020,953.0,,,,,,,,,,,,,
959,1277.0,242.0,,,,,,,,,,,,
1460,820.0,,,,,,,,,,,,,
56,330.0,560.0,561.0,3.0,"Morrow, Mr. Thomas Rowan",male,,0.0,0.0,372622,7.75,,Q,
2587,1077.0,,,,,,,,,,,,,
2513,155.0,,,,,,,,,,,,,
2051,749.0,,,,,,,,,,,,,
715,134.0,433.0,434.0,3.0,"Kallio, Mr. Nikolai Erland",male,17.0,0.0,0.0,STON/O 2. 3101274,7.125,,S,
603,995.0,51.0,,,,,,,,,,,,
1508,623.0,,,,,,,,,,,,,
163,1356.0,554.0,,,,,,,,,,,,
1901,810.0,,,,,,,,,,,,,
535,812.0,191.0,,,,,,,,,,,,
2259,151.0,,,,,,,,,,,,,
1646,313.0,,,,,,,,,,,,,
2206,1232.0,,,,,,,,,,,,,
1787,1540.0,,,,,,,,,,,,,
2519,712.0,,,,,,,,,,,,,
231,181.0,151.0,152.0,1.0,"Pears, Mrs. Thomas (Edith Wearne)",female,22.0,1.0,0.0,113776,66.6,C2,S,
653,1165.0,781.0,,,,,,,,,,,,
1708,895.0,,,,,,,,,,,,,
2127,98.0,,,,,,,,,,,,,
161,1075.0,346.0,,,,,,,,,,,,
2399,1568.0,,,,,,,,,,,,,
2485,45.0,,,,,,,,,,,,,
2281,726.0,,,,,,,,,,,,,
2102,984.0,,,,,,,,,,,,,
152,129.0,528.0,529.0,3.0,"Salonen, Mr. Johan Werner",male,39.0,0.0,0.0,3101296,7.925,,S,
1849,1598.0,,,,,,,,,,,,,
51,495.0,96.0,97.0,1.0,"Goldschmidt, Mr. George B",male,71.0,0.0,0.0,PC 17754,34.6542,A5,C,
2550,1228.0,,,,,,,,,,,,,
316,1544.0,469.0,,,,,,,,,,,,
2049,627.0,,,,,,,,,,,,,
524,1443.0,255.0,,,,,,,,,,,,
2430,535.0,,,,,,,,,,,,,
390,830.0,297.0,,,,,,,,,,,,
2796,347.0,,,,,,,,,,,,,
1336,1366.0,662.0,,,,,,,,,,,,
1058,502.0,477.0,478.0,3.0,"Braund, Mr. Lewis Richard",male,29.0,1.0,0.0,3460,7.0458,,S,
1735,1557.0,,,,,,,,,,,,,
1844,1054.0,,,,,,,,,,,,,
127,542.0,232.0,233.0,2.0,"Sjostedt, Mr. Ernst Adolf",male,59.0,0.0,0.0,237442,13.5,,S,
1141,228.0,413.0,414.0,2.0,"Cunningham, Mr. Alfred Fleming",male,,0.0,0.0,239853,0.0,,S,
1442,1002.0,,,,,,,,,,,,,
224,806.0,308.0,,,,,,,,,,,,
2672,1407.0,,,,,,,,,,,,,
114,707.0,502.0,503.0,3.0,"O'Sullivan, Miss. Bridget Mary",female,,0.0,0.0,330909,7.6292,,Q,
1019,1417.0,632.0,,,,,,,,,,,,
1596,1525.0,,,,,,,,,,,,,
1813,148.0,,,,,,,,,,,,,
1076,897.0,683.0,,,,,,,,,,,,
2032,266.0,,,,,,,,,,,,,
439,1422.0,224.0,,,,,,,,,,,,
881,1114.0,137.0,,,,,,,,,,,,
2187,1351.0,,,,,,,,,,,,,
2879,1083.0,,,,,,,,,,,,,
1541,1364.0,,,,,,,,,,,,,
242,440.0,115.0,116.0,3.0,"Pekoniemi, Mr. Edvard",male,21.0,0.0,0.0,STON/O 2. 3101294,7.925,,S,
1525,322.0,,,,,,,,,,,,,
2171,1108.0,,,,,,,,,,,,,
2364,677.0,,,,,,,,,,,,,
1412,1298.0,735.0,,,,,,,,,,,,
1033,878.0,764.0,,,,,,,,,,,,
2344,1116.0,,,,,,,,,,,,,
1242,811.0,14.0,,,,,,,,,,,,
1279,1594.0,368.0,,,,,,,,,,,,
2310,1579.0,,,,,,,,,,,,,
558,70.0,340.0,341.0,2.0,"Navratil, Master. Edmond Roger",male,2.0,1.0,1.0,230080,26.0,F2,S,
253,824.0,130.0,,,,,,,,,,,,
462,28.0,362.0,363.0,3.0,"Barbara, Mrs. (Catherine David)",female,45.0,0.0,1.0,2691,14.4542,,C,
1156,394.0,27.0,28.0,1.0,"Fortune, Mr. Charles Alexander",male,19.0,3.0,2.0,19950,263.0,C23 C25 C27,S,
1983,898.0,,,,,,,,,,,,,
2638,1466.0,,,,,,,,,,,,,
2516,927.0,,,,,,,,,,,,,
569,128.0,197.0,198.0,3.0,"Olsen, Mr. Karl Siegwart Andreas",male,42.0,0.0,1.0,4579,8.4042,,S,
2211,1512.0,,,,,,,,,,,,,
1175,366.0,100.0,101.0,3.0,"Petranec, Miss. Matilda",female,28.0,0.0,0.0,349245,7.8958,,S,
1647,1154.0,,,,,,,,,,,,,
515,632.0,675.0,676.0,3.0,"Edvardsson, Mr. Gustaf Hjalmar",male,18.0,0.0,0.0,349912,7.775,,S,
1116,255.0,394.0,395.0,3.0,"Sandstrom, Mrs. Hjalmar (Agnes Charlotta Bengtsson)",female,24.0,0.0,2.0,PP 9549,16.7,G6,S,
95,1005.0,139.0,,,,,,,,,,,,
1548,1339.0,,,,,,,,,,,,,
177,725.0,294.0,295.0,3.0,"Mineff, Mr. Ivan",male,24.0,0.0,0.0,349233,7.8958,,S,
932,252.0,352.0,353.0,3.0,"Elias, Mr. Tannous",male,15.0,1.0,1.0,2695,7.2292,,C,
370,467.0,638.0,639.0,3.0,"Panula, Mrs. Juha (Maria Emilia Ojala)",female,41.0,0.0,5.0,3101295,39.6875,,S,
2815,885.0,,,,,,,,,,,,,
2734,683.0,,,,,,,,,,,,,
1467,78.0,,,,,,,,,,,,,
2457,918.0,,,,,,,,,,,,,
2003,1569.0,,,,,,,,,,,,,
1688,284.0,,,,,,,,,,,,,
2092,1171.0,,,,,,,,,,,,,
667,664.0,10.0,11.0,3.0,"Sandstrom, Miss. Marguerite Rut",female,4.0,1.0,1.0,PP 9549,16.7,G6,S,
94,763.0,30.0,31.0,1.0,"Uruchurtu, Don. Manuel E",male,40.0,0.0,0.0,PC 17601,27.7208,,C,
2320,1541.0,,,,,,,,,,,,,
106,1486.0,222.0,,,,,,,,,,,,
662,847.0,531.0,,,,,,,,,,,,
2453,530.0,,,,,,,,,,,,,
1040,377.0,648.0,649.0,3.0,"Willey, Mr. Edward",male,,0.0,0.0,S.O./P.P. 751,7.55,,S,
1139,1429.0,802.0,,,,,,,,,,,,
314,367.0,38.0,39.0,3.0,"Vander Planke, Miss. Augusta Maria",female,18.0,2.0,0.0,345764,18.0,,S,
2083,957.0,,,,,,,,,,,,,
1873,1506.0,,,,,,,,,,,,,
1911,793.0,,,,,,,,,,,,,
215,1276.0,292.0,,,,,,,,,,,,
1459,199.0,,,,,,,,,,,,,
1511,1448.0,,,,,,,,,,,,,
1561,1093.0,,,,,,,,,,,,,
2481,377.0,,,,,,,,,,,,,
403,1054.0,676.0,,,,,,,,,,,,
1259,956.0,603.0,,,,,,,,,,,,
1212,1153.0,493.0,,,,,,,,,,,,
2302,738.0,,,,,,,,,,,,,
2549,686.0,,,,,,,,,,,,,
1976,812.0,,,,,,,,,,,,,
1158,437.0,317.0,318.0,2.0,"Moraweck, Dr. Ernest",male,54.0,0.0,0.0,29011,14.0,,S,
1079,966.0,608.0,,,,,,,,,,,,
883,1395.0,40.0,,,,,,,,,,,,
1603,754.0,,,,,,,,,,,,,
1335,556.0,388.0,389.0,3.0,"Sadlier, Mr. Matthew",male,,0.0,0.0,367655,7.7292,,Q,
195,577.0,62.0,63.0,1.0,"Harris, Mr. Henry Birkhardt",male,45.0,1.0,0.0,36973,83.475,C83,S,
822,977.0,332.0,,,,,,,,,,,,
1680,1244.0,,,,,,,,,,,,,
155,1525.0,540.0,,,,,,,,,,,,
1199,50.0,475.0,476.0,1.0,"Clifford, Mr. George Quincy",male,,0.0,0.0,110465,52.0,A14,S,
1896,265.0,,,,,,,,,,,,,
359,1435.0,481.0,,,,,,,,,,,,
2229,945.0,,,,,,,,,,,,,
407,238.0,26.0,27.0,3.0,"Emir, Mr. Farred Chehab",male,,0.0,0.0,2631,7.225,,C,
471,1323.0,333.0,,,,,,,,,,,,
449,976.0,338.0,,,,,,,,,,,,
1347,1547.0,524.0,,,,,,,,,,,,
942,1177.0,635.0,,,,,,,,,,,,
2634,891.0,,,,,,,,,,,,,
2711,514.0,,,,,,,,,,,,,
2091,462.0,,,,,,,,,,,,,
2794,357.0,,,,,,,,,,,,,
247,284.0,584.0,585.0,3.0,"Paulner, Mr. Uscher",male,,0.0,0.0,3411,8.7125,,C,
2330,532.0,,,,,,,,,,,,,
1,1002.0,730.0,,,,,,,,,,,,
1666,1039.0,,,,,,,,,,,,,
1258,3.0,771.0,772.0,3.0,"Jensen, Mr. Niels Peder",male,48.0,0.0,0.0,350047,7.8542,,S,
1312,209.0,772.0,773.0,2.0,"Mack, Mrs. (Mary)",female,57.0,0.0,0.0,S.O./P.P. 3,10.5,E77,S,
826,89.0,275.0,276.0,1.0,"Andrews, Miss. Kornelia Theodosia",female,63.0,1.0,0.0,13502,77.9583,D7,S,
18,199.0,752.0,753.0,3.0,"Vande Velde, Mr. Johannes Joseph",male,33.0,0.0,0.0,345780,9.5,,S,
1859,572.0,,,,,,,,,,,,,
99,1007.0,750.0,,,,,,,,,,,,
2245,158.0,,,,,,,,,,,,,
156,451.0,742.0,743.0,1.0,"Ryerson, Miss. Susan Parker ""Suzette""",female,21.0,2.0,2.0,PC 17608,262.375,B57 B59 B63 B66,C,
1324,518.0,111.0,112.0,3.0,"Zabour, Miss. Hileni",female,14.5,1.0,0.0,2665,14.4542,,C,
1546,1141.0,,,,,,,,,,,,,
631,527.0,488.0,489.0,3.0,"Somerton, Mr. Francis William",male,30.0,0.0,0.0,A.5. 18509,8.05,,S,
283,799.0,770.0,771.0,3.0,"Lievens, Mr. Rene Aime",male,24.0,0.0,0.0,345781,9.5,,S,
1157,1498.0,215.0,,,,,,,,,,,,
836,517.0,260.0,261.0,3.0,"Smith, Mr. Thomas",male,,0.0,0.0,384461,7.75,,Q,
470,793.0,368.0,369.0,3.0,"Jermyn, Miss. Annie",female,,0.0,0.0,14313,7.75,,Q,
1223,407.0,797.0,798.0,3.0,"Osman, Mrs. Mara",female,31.0,0.0,0.0,349244,8.6833,,S,
2870,1247.0,,,,,,,,,,,,,
1022,1099.0,184.0,,,,,,,,,,,,
2597,394.0,,,,,,,,,,,,,
2863,311.0,,,,,,,,,,,,,
875,1201.0,233.0,,,,,,,,,,,,
2321,274.0,,,,,,,,,,,,,
2288,1425.0,,,,,,,,,,,,,
1426,26.0,265.0,266.0,2.0,"Reeves, Mr. David",male,36.0,0.0,0.0,C.A. 17248,10.5,,S,
1029,1505.0,586.0,,,,,,,,,,,,
2746,642.0,,,,,,,,,,,,,
2547,220.0,,,,,,,,,,,,,
1746,1420.0,,,,,,,,,,,,,
1699,990.0,,,,,,,,,,,,,
1301,97.0,156.0,157.0,3.0,"Gilnagh, Miss. Katherine ""Katie""",female,16.0,0.0,0.0,35851,7.7333,,Q,
560,1120.0,601.0,,,,,,,,,,,,
528,576.0,379.0,380.0,3.0,"Gustafsson, Mr. Karl Gideon",male,19.0,0.0,0.0,347069,7.775,,S,
1402,1342.0,479.0,,,,,,,,,,,,
675,716.0,200.0,201.0,3.0,"Vande Walle, Mr. Nestor Cyriel",male,28.0,0.0,0.0,345770,9.5,,S,
2406,1204.0,,,,,,,,,,,,,
1243,365.0,225.0,226.0,3.0,"Berglund, Mr. Karl Ivar Sven",male,22.0,0.0,0.0,PP 4348,9.35,,S,
1135,700.0,376.0,377.0,3.0,"Landergren, Miss. Aurora Adelia",female,22.0,0.0,0.0,C 7077,7.25,,S,
2462,1320.0,,,,,,,,,,,,,
622,356.0,253.0,254.0,3.0,"Lobb, Mr. William Arthur",male,30.0,1.0,0.0,A/5. 3336,16.1,,S,
1303,1033.0,621.0,,,,,,,,,,,,
1238,709.0,434.0,435.0,1.0,"Silvey, Mr. William Baird",male,50.0,1.0,0.0,13507,55.9,E44,S,
2241,310.0,,,,,,,,,,,,,
378,698.0,360.0,361.0,3.0,"Skoog, Mr. Wilhelm",male,40.0,1.0,4.0,347088,27.9,,S,
2265,1522.0,,,,,,,,,,,,,
1830,361.0,,,,,,,,,,,,,
666,1554.0,563.0,,,,,,,,,,,,
521,742.0,47.0,48.0,3.0,"O'Driscoll, Miss. Bridget",female,,0.0,0.0,14311,7.75,,Q,
451,685.0,222.0,223.0,3.0,"Green, Mr. George Henry",male,51.0,0.0,0.0,21440,8.05,,S,
447,662.0,665.0,666.0,2.0,"Hickman, Mr. Lewis",male,32.0,2.0,0.0,S.O.C. 14879,73.5,,S,
2800,1481.0,,,,,,,,,,,,,
1375,528.0,842.0,843.0,1.0,"Serepeca, Miss. Augusta",female,30.0,0.0,0.0,113798,31.0,,C,
1407,1254.0,605.0,,,,,,,,,,,,
657,920.0,366.0,,,,,,,,,,,,
2461,1550.0,,,,,,,,,,,,,
696,1239.0,234.0,,,,,,,,,,,,
327,1355.0,561.0,,,,,,,,,,,,
1941,832.0,,,,,,,,,,,,,
2579,1221.0,,,,,,,,,,,,,
713,1212.0,857.0,,,,,,,,,,,,
630,1399.0,49.0,,,,,,,,,,,,
655,619.0,256.0,257.0,1.0,"Thorne, Mrs. Gertrude Maybelle",female,,0.0,0.0,PC 17585,79.2,,C,
460,810.0,870.0,,,,,,,,,,,,
596,735.0,245.0,246.0,1.0,"Minahan, Dr. William Edward",male,44.0,2.0,0.0,19928,90.0,C78,Q,
864,827.0,265.0,,,,,,,,,,,,
6,819.0,77.0,,,,,,,,,,,,
1430,973.0,301.0,,,,,,,,,,,,
785,999.0,83.0,,,,,,,,,,,,
1904,79.0,,,,,,,,,,,,,
2252,943.0,,,,,,,,,,,,,
1503,11.0,,,,,,,,,,,,,
2376,174.0,,,,,,,,,,,,,
354,1573.0,328.0,,,,,,,,,,,,
885,226.0,613.0,614.0,3.0,"Horgan, Mr. John",male,,0.0,0.0,370377,7.75,,Q,
2709,975.0,,,,,,,,,,,,,
2766,227.0,,,,,,,,,,,,,
1166,531.0,688.0,689.0,3.0,"Fischer, Mr. Eberhard Thelander",male,18.0,0.0,0.0,350036,7.7958,,S,
2304,1462.0,,,,,,,,,,,,,
44,1377.0,379.0,,,,,,,,,,,,
646,554.0,561.0,562.0,3.0,"Sivic, Mr. Husein",male,40.0,0.0,0.0,349251,7.8958,,S,
2393,348.0,,,,,,,,,,,,,
2153,138.0,,,,,,,,,,,,,
1497,330.0,,,,,,,,,,,,,
302,651.0,162.0,163.0,3.0,"Bengtsson, Mr. John Viktor",male,26.0,0.0,0.0,347068,7.775,,S,
697,269.0,177.0,178.0,1.0,"Isham, Miss. Ann Elizabeth",female,50.0,0.0,0.0,PC 17595,28.7125,C49,C,
63,421.0,525.0,526.0,3.0,"Farrell, Mr. James",male,40.5,0.0,0.0,367232,7.75,,Q,
1714,1346.0,,,,,,,,,,,,,
2397,1460.0,,,,,,,,,,,,,
2626,1450.0,,,,,,,,,,,,,
2836,551.0,,,,,,,,,,,,,
2007,1070.0,,,,,,,,,,,,,
627,521.0,397.0,398.0,2.0,"McKane, Mr. Peter David",male,46.0,0.0,0.0,28403,26.0,,S,
2380,512.0,,,,,,,,,,,,,
754,5.0,308.0,309.0,2.0,"Abelson, Mr. Samuel",male,30.0,1.0,0.0,P/PP 3381,24.0,,C,
1696,1546.0,,,,,,,,,,,,,
2138,269.0,,,,,,,,,,,,,
762,1375.0,682.0,,,,,,,,,,,,
1221,1191.0,737.0,,,,,,,,,,,,
1879,1192.0,,,,,,,,,,,,,
2769,1097.0,,,,,,,,,,,,,
962,909.0,169.0,,,,,,,,,,,,
2810,1131.0,,,,,,,,,,,,,
46,717.0,399.0,400.0,2.0,"Trout, Mrs. William H (Jessie L)",female,28.0,0.0,0.0,240929,12.65,,S,
1755,367.0,,,,,,,,,,,,,
2557,255.0,,,,,,,,,,,,,
659,1396.0,544.0,,,,,,,,,,,,
687,1404.0,854.0,,,,,,,,,,,,
1101,690.0,741.0,742.0,1.0,"Cavendish, Mr. Tyrell William",male,36.0,1.0,0.0,19877,78.85,C46,S,
846,1336.0,436.0,,,,,,,,,,,,
1618,725.0,,,,,,,,,,,,,
2755,1596.0,,,,,,,,,,,,,
1161,328.0,656.0,657.0,3.0,"Radeff, Mr. Alexander",male,,0.0,0.0,349223,7.8958,,S,
158,406.0,125.0,126.0,3.0,"Nicola-Yarred, Master. Elias",male,12.0,1.0,0.0,2651,11.2417,,C,
2195,5.0,,,,,,,,,,,,,
2741,240.0,,,,,,,,,,,,,
1254,370.0,617.0,618.0,3.0,"Lobb, Mrs. William Arthur (Cordelia K Stanlick)",female,26.0,1.0,0.0,A/5. 3336,16.1,,S,
2285,1175.0,,,,,,,,,,,,,
249,100.0,68.0,69.0,3.0,"Andersson, Miss. Erna Alexandra",female,17.0,4.0,2.0,3101281,7.925,,S,
693,52.0,21.0,22.0,2.0,"Beesley, Mr. Lawrence",male,34.0,0.0,0.0,248698,13.0,D56,S,
1539,494.0,,,,,,,,,,,,,
1693,261.0,,,,,,,,,,,,,
1982,901.0,,,,,,,,,,,,,
1162,737.0,246.0,247.0,3.0,"Lindahl, Miss. Agda Thorilda Viktoria",female,25.0,0.0,0.0,347071,7.775,,S,
1616,1410.0,,,,,,,,,,,,,
2721,185.0,,,,,,,,,,,,,
234,1085.0,584.0,,,,,,,,,,,,
2749,40.0,,,,,,,,,,,,,
2373,252.0,,,,,,,,,,,,,
167,616.0,632.0,633.0,1.0,"Stahelin-Maeglin, Dr. Max",male,32.0,0.0,0.0,13214,30.5,B50,C,
119,721.0,324.0,325.0,3.0,"Sage, Mr. George John Jr",male,,8.0,2.0,CA. 2343,69.55,,S,
668,1285.0,701.0,,,,,,,,,,,,
1629,1137.0,,,,,,,,,,,,,
1099,156.0,63.0,64.0,3.0,"Skoog, Master. Harald",male,4.0,3.0,2.0,347088,27.9,,S,
1667,1523.0,,,,,,,,,,,,,
2014,1300.0,,,,,,,,,,,,,
393,105.0,671.0,672.0,1.0,"Davidson, Mr. Thornton",male,31.0,1.0,0.0,F.C. 12750,52.0,B71,S,
2331,1558.0,,,,,,,,,,,,,
1330,1312.0,795.0,,,,,,,,,,,,
1401,665.0,291.0,292.0,1.0,"Bishop, Mrs. Dickinson H (Helen Walton)",female,19.0,1.0,0.0,11967,91.0792,B49,C,
1393,670.0,314.0,315.0,2.0,"Hart, Mr. Benjamin",male,43.0,1.0,1.0,F.C.C. 13529,26.25,,S,
260,425.0,85.0,86.0,3.0,"Backstrom, Mrs. Karl Alfred (Maria Mathilda Gustafsson)",female,33.0,3.0,0.0,3101278,15.85,,S,
1808,1065.0,,,,,,,,,,,,,
2071,1399.0,,,,,,,,,,,,,
2030,1365.0,,,,,,,,,,,,,
704,29.0,297.0,298.0,1.0,"Allison, Miss. Helen Loraine",female,2.0,1.0,2.0,113781,151.55,C22 C26,S,
1553,624.0,,,,,,,,,,,,,
2490,676.0,,,,,,,,,,,,,
2804,1564.0,,,,,,,,,,,,,
839,1124.0,769.0,,,,,,,,,,,,
862,1269.0,127.0,,,,,,,,,,,,
2851,1372.0,,,,,,,,,,,,,
867,1119.0,485.0,,,,,,,,,,,,
347,1472.0,192.0,,,,,,,,,,,,
2036,814.0,,,,,,,,,,,,,
1543,955.0,,,,,,,,,,,,,
2266,1024.0,,,,,,,,,,,,,
204,874.0,691.0,,,,,,,,,,,,
2528,1106.0,,,,,,,,,,,,,
2697,740.0,,,,,,,,,,,,,
2674,1142.0,,,,,,,,,,,,,
1878,930.0,,,,,,,,,,,,,
1552,1500.0,,,,,,,,,,,,,
381,183.0,155.0,156.0,1.0,"Williams, Mr. Charles Duane",male,51.0,0.0,1.0,PC 17597,61.3792,,C,
510,404.0,25.0,26.0,3.0,"Asplund, Mrs. Carl Oscar (Selma Augusta Emilia Johansson)",female,38.0,1.0,5.0,347077,31.3875,,S,
1024,1583.0,779.0,,,,,,,,,,,,
394,371.0,566.0,567.0,3.0,"Stoytcheff, Mr. Ilia",male,19.0,0.0,0.0,349205,7.8958,,S,
2772,1206.0,,,,,,,,,,,,,
554,1091.0,12.0,,,,,,,,,,,,
1689,981.0,,,,,,,,,,,,,
284,589.0,84.0,85.0,2.0,"Ilett, Miss. Bertha",female,17.0,0.0,0.0,SO/C 14885,10.5,,S,
745,1022.0,618.0,,,,,,,,,,,,
764,415.0,821.0,822.0,3.0,"Lulic, Mr. Nikola",male,27.0,0.0,0.0,315098,8.6625,,S,
2758,949.0,,,,,,,,,,,,,
529,326.0,45.0,46.0,3.0,"Rogers, Mr. William John",male,,0.0,0.0,S.C./A.4. 23567,8.05,,S,
1656,1276.0,,,,,,,,,,,,,
2164,188.0,,,,,,,,,,,,,
1439,1352.0,59.0,,,,,,,,,,,,
386,848.0,577.0,,,,,,,,,,,,
2718,1271.0,,,,,,,,,,,,,
1137,1590.0,198.0,,,,,,,,,,,,
2414,1196.0,,,,,,,,,,,,,
1343,669.0,392.0,393.0,3.0,"Gustafsson, Mr. Johan Birger",male,28.0,2.0,0.0,3101277,7.925,,S,
2233,1589.0,,,,,,,,,,,,,
1642,1071.0,,,,,,,,,,,,,
909,1081.0,728.0,,,,,,,,,,,,
744,430.0,135.0,136.0,2.0,"Richard, Mr. Emile",male,23.0,0.0,0.0,SC/PARIS 2133,15.0458,,C,
2352,480.0,,,,,,,,,,,,,
2087,554.0,,,,,,,,,,,,,
914,993.0,534.0,,,,,,,,,,,,
565,682.0,820.0,821.0,1.0,"Hays, Mrs. Charles Melville (Clara Jennings Gregg)",female,52.0,1.0,1.0,12749,93.5,B69,S,
2593,37.0,,,,,,,,,,,,,
2686,1492.0,,,,,,,,,,,,,
1329,507.0,483.0,484.0,3.0,"Turkula, Mrs. (Hedwig)",female,63.0,0.0,0.0,4134,9.5875,,S,
842,894.0,370.0,,,,,,,,,,,,
434,177.0,361.0,362.0,2.0,"del Carlo, Mr. Sebastiano",male,29.0,1.0,0.0,SC/PARIS 2167,27.7208,,C,
2078,631.0,,,,,,,,,,,,,
1192,1401.0,793.0,,,,,,,,,,,,
1453,1084.0,,,,,,,,,,,,,
790,1128.0,283.0,,,,,,,,,,,,
1093,436.0,73.0,74.0,3.0,"Chronopoulos, Mr. Apostolos",male,26.0,1.0,0.0,2680,14.4542,,C,
681,304.0,243.0,244.0,3.0,"Maenpaa, Mr. Matti Alexanteri",male,22.0,0.0,0.0,STON/O 2. 3101275,7.125,,S,
889,532.0,600.0,601.0,2.0,"Jacobsohn, Mrs. Sidney Samuel (Amy Frances Christy)",female,24.0,2.0,1.0,243847,27.0,,S,
1929,1167.0,,,,,,,,,,,,,
2866,73.0,,,,,,,,,,,,,
1182,76.0,798.0,799.0,3.0,"Ibrahim Shawah, Mr. Yousseff",male,30.0,0.0,0.0,2685,7.2292,,C,
1747,761.0,,,,,,,,,,,,,
1944,219.0,,,,,,,,,,,,,
2269,1565.0,,,,,,,,,,,,,
1920,201.0,,,,,,,,,,,,,
1712,293.0,,,,,,,,,,,,,
2247,116.0,,,,,,,,,,,,,
1723,809.0,,,,,,,,,,,,,
324,392.0,421.0,422.0,3.0,"Charters, Mr. David",male,21.0,0.0,0.0,A/5. 13032,7.7333,,Q,
817,942.0,150.0,,,,,,,,,,,,
2273,776.0,,,,,,,,,,,,,
617,1134.0,499.0,,,,,,,,,,,,
2501,1562.0,,,,,,,,,,,,,
392,645.0,825.0,826.0,3.0,"Flynn, Mr. John",male,,0.0,0.0,368323,6.95,,Q,
650,462.0,207.0,208.0,3.0,"Albimona, Mr. Nassef Cassem",male,26.0,0.0,0.0,2699,18.7875,,C,
1624,919.0,,,,,,,,,,,,,
1550,384.0,,,,,,,,,,,,,
572,980.0,166.0,,,,,,,,,,,,
2333,581.0,,,,,,,,,,,,,
2505,679.0,,,,,,,,,,,,,
526,67.0,79.0,80.0,3.0,"Dowdell, Miss. Elizabeth",female,30.0,0.0,0.0,364516,12.475,,S,
2329,237.0,,,,,,,,,,,,,
42,446.0,832.0,833.0,3.0,"Saad, Mr. Amin",male,,0.0,0.0,2671,7.2292,,C,
718,633.0,211.0,212.0,2.0,"Cameron, Miss. Clear Annie",female,35.0,0.0,0.0,F.C.C. 13528,21.0,,S,
1623,1021.0,,,,,,,,,,,,,
1399,87.0,731.0,732.0,3.0,"Hassan, Mr. Houssein G N",male,11.0,0.0,0.0,2699,18.7875,,C,
1970,326.0,,,,,,,,,,,,,
1597,451.0,,,,,,,,,,,,,
278,1473.0,129.0,,,,,,,,,,,,
1418,834.0,804.0,,,,,,,,,,,,
35,333.0,499.0,500.0,3.0,"Svensson, Mr. Olof",male,24.0,0.0,0.0,350035,7.7958,,S,
1366,1560.0,55.0,,,,,,,,,,,,
265,1394.0,729.0,,,,,,,,,,,,
1124,644.0,266.0,267.0,3.0,"Panula, Mr. Ernesti Arvid",male,16.0,4.0,1.0,3101295,39.6875,,S,
940,1057.0,64.0,,,,,,,,,,,,
1593,129.0,,,,,,,,,,,,,
2654,1491.0,,,,,,,,,,,,,
395,1436.0,70.0,,,,,,,,,,,,
685,692.0,257.0,258.0,1.0,"Cherry, Miss. Gladys",female,30.0,0.0,0.0,110152,86.5,B77,S,
107,1339.0,419.0,,,,,,,,,,,,
2482,714.0,,,,,,,,,,,,,
1684,1110.0,,,,,,,,,,,,,
2442,543.0,,,,,,,,,,,,,
1433,1591.0,677.0,,,,,,,,,,,,
1658,1127.0,,,,,,,,,,,,,
879,1541.0,80.0,,,,,,,,,,,,
1880,1422.0,,,,,,,,,,,,,
2460,1417.0,,,,,,,,,,,,,
1824,923.0,,,,,,,,,,,,,
147,402.0,867.0,868.0,1.0,"Roebling, Mr. Washington Augustus II",male,31.0,0.0,0.0,PC 17590,50.4958,A24,S,
606,818.0,751.0,,,,,,,,,,,,
2821,926.0,,,,,,,,,,,,,
1456,1373.0,,,,,,,,,,,,,
2720,1594.0,,,,,,,,,,,,,
1559,1216.0,,,,,,,,,,,,,
2369,1345.0,,,,,,,,,,,,,
180,695.0,356.0,357.0,1.0,"Bowerman, Miss. Elsie Edith",female,22.0,0.0,1.0,113505,55.0,E33,S,
491,675.0,614.0,615.0,3.0,"Brocklebank, Mr. William Alfred",male,35.0,0.0,0.0,364512,8.05,,S,
1087,1106.0,342.0,,,,,,,,,,,,
2837,111.0,,,,,,,,,,,,,
2562,643.0,,,,,,,,,,,,,
495,25.0,422.0,423.0,3.0,"Zimmerman, Mr. Leo",male,29.0,0.0,0.0,315082,7.875,,S,
605,511.0,795.0,796.0,2.0,"Otter, Mr. Richard",male,39.0,0.0,0.0,28213,13.0,,S,
756,546.0,551.0,552.0,2.0,"Sharp, Mr. Percival James R",male,27.0,0.0,0.0,244358,26.0,,S,
2398,1548.0,,,,,,,,,,,,,
1943,1238.0,,,,,,,,,,,,,
1127,1135.0,131.0,,,,,,,,,,,,
456,416.0,116.0,117.0,3.0,"Connors, Mr. Patrick",male,70.5,0.0,0.0,370369,7.75,,Q,
2218,780.0,,,,,,,,,,,,,
1269,840.0,856.0,,,,,,,,,,,,
580,1048.0,390.0,,,,,,,,,,,,
1069,396.0,315.0,316.0,3.0,"Nilsson, Miss. Helmina Josefina",female,26.0,0.0,0.0,347470,7.8542,,S,
616,117.0,93.0,94.0,3.0,"Dean, Mr. Bertram Frank",male,26.0,1.0,2.0,C.A. 2315,20.575,,S,
344,164.0,595.0,596.0,3.0,"Van Impe, Mr. Jean Baptiste",male,36.0,1.0,1.0,345773,24.15,,S,
2495,523.0,,,,,,,,,,,,,
1271,890.0,275.0,,,,,,,,,,,,
2452,860.0,,,,,,,,,,,,,
2216,285.0,,,,,,,,,,,,,
2194,777.0,,,,,,,,,,,,,
763,63.0,39.0,40.0,3.0,"Nicola-Yarred, Miss. Jamila",female,14.0,1.0,0.0,2651,11.2417,,C,
1979,574.0,,,,,,,,,,,,,
134,198.0,83.0,84.0,1.0,"Carrau, Mr. Francisco M",male,28.0,0.0,0.0,113059,47.1,,S,
34,584.0,619.0,620.0,2.0,"Gavey, Mr. Lawrence",male,26.0,0.0,0.0,31028,10.5,,S,
68,1467.0,31.0,,,,,,,,,,,,
2864,985.0,,,,,,,,,,,,,
2539,450.0,,,,,,,,,,,,,
680,628.0,802.0,803.0,1.0,"Carter, Master. William Thornton II",male,11.0,1.0,2.0,113760,120.0,B96 B98,S,
2527,617.0,,,,,,,,,,,,,
2189,1155.0,,,,,,,,,,,,,
1856,316.0,,,,,,,,,,,,,
419,1257.0,852.0,,,,,,,,,,,,
2536,1013.0,,,,,,,,,,,,,
919,855.0,178.0,,,,,,,,,,,,
581,1072.0,514.0,,,,,,,,,,,,
2186,1022.0,,,,,,,,,,,,,
949,541.0,479.0,480.0,3.0,"Hirvonen, Miss. Hildur E",female,2.0,0.0,1.0,3101298,12.2875,,S,
2739,242.0,,,,,,,,,,,,,
2752,940.0,,,,,,,,,,,,,
2212,835.0,,,,,,,,,,,,,
71,1521.0,599.0,,,,,,,,,,,,
1771,376.0,,,,,,,,,,,,,
2470,1505.0,,,,,,,,,,,,,
1761,724.0,,,,,,,,,,,,,
1419,916.0,543.0,,,,,,,,,,,,
336,634.0,481.0,482.0,2.0,"Frost, Mr. Anthony Wood ""Archie""",male,,0.0,0.0,239854,0.0,,S,
2427,1227.0,,,,,,,,,,,,,
513,268.0,582.0,583.0,2.0,"Downton, Mr. William James",male,54.0,0.0,0.0,28403,26.0,,S,
1502,19.0,,,,,,,,,,,,,
1094,12.0,468.0,469.0,3.0,"Scanlan, Mr. James",male,,0.0,0.0,36209,7.725,,Q,
894,1066.0,626.0,,,,,,,,,,,,
1379,790.0,677.0,678.0,3.0,"Turja, Miss. Anna Sofia",female,18.0,0.0,0.0,4138,9.8417,,S,
955,1074.0,522.0,,,,,,,,,,,,
2434,719.0,,,,,,,,,,,,,
649,1476.0,614.0,,,,,,,,,,,,
674,872.0,138.0,,,,,,,,,,,,
1826,263.0,,,,,,,,,,,,,
1262,1164.0,3.0,,,,,,,,,,,,
1777,634.0,,,,,,,,,,,,,
714,798.0,454.0,455.0,3.0,"Peduzzi, Mr. Joseph",male,,0.0,0.0,A/5 2817,8.05,,S,
665,254.0,643.0,644.0,3.0,"Foo, Mr. Choong",male,,0.0,0.0,1601,56.4958,,S,
59,1168.0,38.0,,,,,,,,,,,,
1121,643.0,573.0,574.0,3.0,"Kelly, Miss. Mary",female,,0.0,0.0,14312,7.75,,Q,
1395,551.0,59.0,60.0,3.0,"Goodwin, Master. William Frederick",male,11.0,5.0,2.0,CA 2144,46.9,,S,
2149,1577.0,,,,,,,,,,,,,
2264,768.0,,,,,,,,,,,,,
1357,784.0,816.0,817.0,3.0,"Heininen, Miss. Wendla Maria",female,23.0,0.0,0.0,STON/O2. 3101290,7.925,,S,
888,237.0,336.0,337.0,1.0,"Pears, Mr. Thomas Clinton",male,29.0,1.0,0.0,113776,66.6,C2,S,
578,1332.0,688.0,,,,,,,,,,,,
1451,1370.0,,,,,,,,,,,,,
2095,321.0,,,,,,,,,,,,,
2754,420.0,,,,,,,,,,,,,
824,1522.0,324.0,,,,,,,,,,,,
780,1020.0,625.0,,,,,,,,,,,,
1622,324.0,,,,,,,,,,,,,
1090,635.0,70.0,71.0,2.0,"Jenkin, Mr. Stephen Curnow",male,32.0,0.0,0.0,C.A. 33111,10.5,,S,
1408,445.0,165.0,166.0,3.0,"Goldsmith, Master. Frank John William ""Frankie""",male,9.0,0.0,2.0,363291,20.525,,S,
724,854.0,588.0,,,,,,,,,,,,
2299,351.0,,,,,,,,,,,,,
197,1205.0,25.0,,,,,,,,,,,,
2762,1014.0,,,,,,,,,,,,,
1595,640.0,,,,,,,,,,,,,
851,1248.0,329.0,,,,,,,,,,,,
452,1469.0,402.0,,,,,,,,,,,,
297,1489.0,88.0,,,,,,,,,,,,
758,146.0,828.0,829.0,3.0,"McCormack, Mr. Thomas Joseph",male,,0.0,0.0,367228,7.75,,Q,
1409,1302.0,259.0,,,,,,,,,,,,
380,922.0,384.0,,,,,,,,,,,,
1742,206.0,,,,,,,,,,,,,
1741,1310.0,,,,,,,,,,,,,
1197,1466.0,291.0,,,,,,,,,,,,
116,64.0,612.0,613.0,3.0,"Murphy, Miss. Margaret Jane",female,,1.0,0.0,367230,15.5,,Q,
362,1245.0,694.0,,,,,,,,,,,,
1636,577.0,,,,,,,,,,,,,
1780,1160.0,,,,,,,,,,,,,
400,163.0,219.0,220.0,2.0,"Harris, Mr. Walter",male,30.0,0.0,0.0,W/C 14208,10.5,,S,
159,1098.0,733.0,,,,,,,,,,,,
925,892.0,0.0,,,,,,,,,,,,
1445,959.0,,,,,,,,,,,,,
670,453.0,605.0,606.0,3.0,"Lindell, Mr. Edvard Bengtsson",male,36.0,1.0,0.0,349910,15.55,,S,
2608,1148.0,,,,,,,,,,,,,
963,1018.0,542.0,,,,,,,,,,,,
1048,547.0,252.0,253.0,1.0,"Stead, Mr. William Thomas",male,62.0,0.0,0.0,113514,26.55,C87,S,
1607,864.0,,,,,,,,,,,,,
1236,905.0,310.0,,,,,,,,,,,,
2660,17.0,,,,,,,,,,,,,
209,560.0,331.0,332.0,1.0,"Partner, Mr. Austen",male,45.5,0.0,0.0,113043,28.5,C124,S,
356,667.0,236.0,237.0,2.0,"Hold, Mr. Stephen",male,44.0,1.0,0.0,26707,26.0,,S,
2433,339.0,,,,,,,,,,,,,
1063,239.0,476.0,477.0,2.0,"Renouf, Mr. Peter Henry",male,34.0,1.0,0.0,31027,21.0,,S,
983,173.0,615.0,616.0,2.0,"Herman, Miss. Alice",female,24.0,1.0,2.0,220845,65.0,,S,
797,1279.0,718.0,,,,,,,,,,,,
1309,1438.0,846.0,,,,,,,,,,,,
1900,1291.0,,,,,,,,,,,,,
1964,318.0,,,,,,,,,,,,,
502,1238.0,317.0,,,,,,,,,,,,
1316,1344.0,438.0,,,,,,,,,,,,
1745,772.0,,,,,,,,,,,,,
607,383.0,58.0,59.0,2.0,"West, Miss. Constance Mirium",female,5.0,1.0,2.0,C.A. 34651,27.75,,S,
1536,1005.0,,,,,,,,,,,,,
972,852.0,715.0,,,,,,,,,,,,
859,493.0,464.0,465.0,3.0,"Maisner, Mr. Simon",male,,0.0,0.0,A/S 2816,8.05,,S,
2663,1400.0,,,,,,,,,,,,,
213,222.0,805.0,806.0,3.0,"Johansson, Mr. Karl Johan",male,31.0,0.0,0.0,347063,7.775,,S,
1315,1105.0,243.0,,,,,,,,,,,,
2004,497.0,,,,,,,,,,,,,
2035,1029.0,,,,,,,,,,,,,
1883,457.0,,,,,,,,,,,,,
1668,51.0,,,,,,,,,,,,,
1517,16.0,,,,,,,,,,,,,
148,1479.0,216.0,,,,,,,,,,,,
982,332.0,46.0,47.0,3.0,"Lennon, Mr. Denis",male,,1.0,0.0,370371,15.5,,Q,
2059,1442.0,,,,,,,,,,,,,
2682,1484.0,,,,,,,,,,,,,
2224,1025.0,,,,,,,,,,,,,
2577,1380.0,,,,,,,,,,,,,
2128,1404.0,,,,,,,,,,,,,
1219,17.0,751.0,752.0,3.0,"Moor, Master. Meier",male,6.0,0.0,1.0,392096,12.475,E121,S,
2043,1187.0,,,,,,,,,,,,,
2192,991.0,,,,,,,,,,,,,
782,902.0,696.0,,,,,,,,,,,,
1044,45.0,834.0,835.0,3.0,"Allum, Mr. Owen George",male,18.0,0.0,0.0,2223,8.3,,S,
1582,294.0,,,,,,,,,,,,,
1299,1412.0,311.0,,,,,,,,,,,,
861,738.0,651.0,652.0,2.0,"Doling, Miss. Elsie",female,18.0,0.0,1.0,231919,23.0,,S,
1290,1545.0,247.0,,,,,,,,,,,,
1617,588.0,,,,,,,,,,,,,
465,1511.0,82.0,,,,,,,,,,,,
379,170.0,164.0,165.0,3.0,"Panula, Master. Eino Viljami",male,1.0,4.0,1.0,3101295,39.6875,,S,
2180,813.0,,,,,,,,,,,,,
2113,1585.0,,,,,,,,,,,,,
2652,580.0,,,,,,,,,,,,,
1744,870.0,,,,,,,,,,,,,
1050,783.0,800.0,801.0,2.0,"Ponesell, Mr. Martin",male,34.0,0.0,0.0,250647,13.0,,S,
2868,845.0,,,,,,,,,,,,,
144,350.0,497.0,498.0,3.0,"Shellard, Mr. Frederick William",male,,0.0,0.0,C.A. 6212,15.1,,S,
2065,1109.0,,,,,,,,,,,,,
1424,250.0,35.0,36.0,1.0,"Holverson, Mr. Alexander Oskar",male,42.0,1.0,0.0,113789,52.0,,S,
740,1434.0,211.0,,,,,,,,,,,,
1482,1283.0,,,,,,,,,,,,,
1955,971.0,,,,,,,,,,,,,
1767,1266.0,,,,,,,,,,,,,
2558,1069.0,,,,,,,,,,,,,
241,104.0,310.0,311.0,1.0,"Hays, Miss. Margaret Bechstein",female,24.0,0.0,0.0,11767,83.1583,C54,C,
1098,450.0,34.0,35.0,1.0,"Meyer, Mr. Edgar Joseph",male,28.0,1.0,0.0,PC 17604,82.1708,,C,
1765,392.0,,,,,,,,,,,,,
964,1222.0,525.0,,,,,,,,,,,,
1043,804.0,771.0,,,,,,,,,,,,
2077,1287.0,,,,,,,,,,,,,
1610,380.0,,,,,,,,,,,,,
30,55.0,473.0,474.0,2.0,"Jerwan, Mrs. Amin S (Marie Marthe Thuillard)",female,23.0,0.0,0.0,SC/AH Basle 541,13.7917,D,C,
545,708.0,861.0,862.0,2.0,"Giles, Mr. Frederick Edward",male,21.0,1.0,0.0,28134,11.5,,S,
331,18.0,77.0,78.0,3.0,"Moutal, Mr. Rahamin Haim",male,,0.0,0.0,374746,8.05,,S,
1001,543.0,438.0,439.0,1.0,"Fortune, Mr. Mark",male,64.0,1.0,4.0,19950,263.0,C23 C25 C27,S,
1605,641.0,,,,,,,,,,,,,
475,715.0,572.0,573.0,1.0,"Flynn, Mr. John Irwin (""Irving"")",male,36.0,0.0,0.0,PC 17474,26.3875,E25,S,
424,1555.0,639.0,,,,,,,,,,,,
369,1293.0,195.0,,,,,,,,,,,,
489,1381.0,606.0,,,,,,,,,,,,
2173,140.0,,,,,,,,,,,,,
2572,1242.0,,,,,,,,,,,,,
2350,1081.0,,,,,,,,,,,,,
96,865.0,612.0,,,,,,,,,,,,
1939,1089.0,,,,,,,,,,,,,
2548,833.0,,,,,,,,,,,,,
313,1121.0,103.0,,,,,,,,,,,,
664,136.0,787.0,788.0,3.0,"Rice, Master. George Hugh",male,8.0,4.0,1.0,382652,29.125,,Q,
587,939.0,598.0,,,,,,,,,,,,
2382,1045.0,,,,,,,,,,,,,
2256,1526.0,,,,,,,,,,,,,
2172,691.0,,,,,,,,,,,,,
1613,253.0,,,,,,,,,,,,,
2515,654.0,,,,,,,,,,,,,
970,44.0,423.0,424.0,3.0,"Danbom, Mrs. Ernst Gilbert (Anna Sigrid Maria Brogren)",female,28.0,1.0,1.0,347080,14.4,,S,
2047,818.0,,,,,,,,,,,,,
101,593.0,729.0,730.0,3.0,"Ilmakangas, Miss. Pieta Sofia",female,25.0,1.0,0.0,STON/O2. 3101271,7.925,,S,
1798,1317.0,,,,,,,,,,,,,
2852,61.0,,,,,,,,,,,,,
887,573.0,456.0,457.0,1.0,"Millet, Mr. Francis Davis",male,65.0,0.0,0.0,13509,26.55,E38,S,
1704,259.0,,,,,,,,,,,,,
747,62.0,405.0,406.0,2.0,"Gale, Mr. Shadrach",male,34.0,1.0,0.0,28664,21.0,,S,
1560,721.0,,,,,,,,,,,,,
2093,153.0,,,,,,,,,,,,,
2136,428.0,,,,,,,,,,,,,
1917,552.0,,,,,,,,,,,,,
2297,68.0,,,,,,,,,,,,,
2483,230.0,,,,,,,,,,,,,
1711,9.0,,,,,,,,,,,,,
595,814.0,261.0,,,,,,,,,,,,
366,1078.0,174.0,,,,,,,,,,,,
1361,1494.0,767.0,,,,,,,,,,,,
121,782.0,779.0,780.0,1.0,"Robert, Mrs. Edward Scott (Elisabeth Walton McMillan)",female,43.0,0.0,1.0,24160,211.3375,B3,S,
1449,648.0,,,,,,,,,,,,,
1339,792.0,504.0,505.0,1.0,"Maioni, Miss. Roberta",female,16.0,0.0,0.0,110152,86.5,B79,S,
340,938.0,50.0,,,,,,,,,,,,
448,1358.0,52.0,,,,,,,,,,,,
415,316.0,669.0,670.0,1.0,"Taylor, Mrs. Elmer Zebley (Juliet Cummins Wright)",female,,1.0,0.0,19996,52.0,C126,S,
1519,154.0,,,,,,,,,,,,,
804,158.0,312.0,313.0,2.0,"Lahtinen, Mrs. William (Anna Sylfven)",female,26.0,1.0,1.0,250651,26.0,,S,
926,345.0,241.0,242.0,3.0,"Murphy, Miss. Katherine ""Kate""",female,,1.0,0.0,367230,15.5,,Q,
1725,589.0,,,,,,,,,,,,,
2107,1554.0,,,,,,,,,,,,,
2115,872.0,,,,,,,,,,,,,
1762,797.0,,,,,,,,,,,,,
1579,1475.0,,,,,,,,,,,,,
834,733.0,145.0,146.0,2.0,"Nicholls, Mr. Joseph Charles",male,19.0,1.0,1.0,C.A. 33112,36.75,,S,
2238,1279.0,,,,,,,,,,,,,
1839,1313.0,,,,,,,,,,,,,
2838,1208.0,,,,,,,,,,,,,
868,732.0,194.0,195.0,1.0,"Brown, Mrs. James Joseph (Margaret Tobin)",female,44.0,0.0,0.0,PC 17610,27.7208,B4,C,
1332,760.0,585.0,586.0,1.0,"Taussig, Miss. Ruth",female,18.0,0.0,2.0,110413,79.65,E68,S,
266,876.0,647.0,,,,,,,,,,,,
8,648.0,780.0,781.0,3.0,"Ayoub, Miss. Banoura",female,13.0,0.0,0.0,2687,7.2292,,C,
944,1468.0,236.0,,,,,,,,,,,,
945,867.0,173.0,,,,,,,,,,,,
2246,873.0,,,,,,,,,,,,,
551,757.0,23.0,24.0,1.0,"Sloper, Mr. William Thompson",male,28.0,0.0,0.0,113788,35.5,A6,S,
2097,496.0,,,,,,,,,,,,,
1179,47.0,577.0,578.0,1.0,"Silvey, Mrs. William Baird (Alice Munger)",female,39.0,1.0,0.0,13507,55.9,E44,S,
250,1284.0,146.0,,,,,,,,,,,,
1083,950.0,492.0,,,,,,,,,,,,
382,533.0,140.0,141.0,3.0,"Boulos, Mrs. Joseph (Sultana)",female,,0.0,2.0,2678,15.2458,,C,
2118,526.0,,,,,,,,,,,,,
183,919.0,262.0,,,,,,,,,,,,
0,280.0,728.0,729.0,2.0,"Bryhl, Mr. Kurt Arnold Gottfrid",male,25.0,1.0,0.0,236853,26.0,,S,
226,1523.0,739.0,,,,,,,,,,,,
1793,978.0,,,,,,,,,,,,,
2566,1008.0,,,,,,,,,,,,,
93,24.0,269.0,270.0,1.0,"Bissette, Miss. Amelia",female,35.0,0.0,0.0,PC 17760,135.6333,C99,S,
517,856.0,473.0,,,,,,,,,,,,
2358,1418.0,,,,,,,,,,,,,
1858,488.0,,,,,,,,,,,,,
9,77.0,764.0,765.0,3.0,"Eklund, Mr. Hans Linus",male,16.0,0.0,0.0,347074,7.775,,S,
798,41.0,589.0,590.0,3.0,"Murdlin, Mr. Joseph",male,,0.0,0.0,A./5. 3235,8.05,,S,
2575,399.0,,,,,,,,,,,,,
1886,400.0,,,,,,,,,,,,,
2159,633.0,,,,,,,,,,,,,
2523,567.0,,,,,,,,,,,,,
2586,1.0,,,,,,,,,,,,,
2561,1289.0,,,,,,,,,,,,,
1590,933.0,,,,,,,,,,,,,
2474,878.0,,,,,,,,,,,,,
361,327.0,283.0,284.0,3.0,"Dorking, Mr. Edward Arthur",male,19.0,0.0,0.0,A/5. 10482,8.05,,S,
556,419.0,351.0,352.0,1.0,"Williams-Lambert, Mr. Fletcher Fellows",male,,0.0,0.0,113510,35.0,C128,S,
840,726.0,106.0,107.0,3.0,"Salkjelsvik, Miss. Anna Kristine",female,21.0,0.0,0.0,343120,7.65,,S,
1476,333.0,,,,,,,,,,,,,
661,984.0,155.0,,,,,,,,,,,,
1447,819.0,,,,,,,,,,,,,
1820,170.0,,,,,,,,,,,,,
2472,1537.0,,,,,,,,,,,,,
508,483.0,146.0,147.0,3.0,"Andersson, Mr. August Edvard (""Wennerstrom"")",male,27.0,0.0,0.0,350043,7.7958,,S,
1534,24.0,,,,,,,,,,,,,
1660,886.0,,,,,,,,,,,,,
206,1154.0,389.0,,,,,,,,,,,,
1233,1142.0,37.0,,,,,,,,,,,,
333,262.0,633.0,634.0,1.0,"Parr, Mr. William Henry Marsh",male,,0.0,0.0,112052,0.0,,S,
343,753.0,563.0,564.0,3.0,"Simmons, Mr. John",male,,0.0,0.0,SOTON/OQ 392082,8.05,,S,
2170,728.0,,,,,,,,,,,,,
1838,4.0,,,,,,,,,,,,,
2636,460.0,,,,,,,,,,,,,
1163,48.0,208.0,209.0,3.0,"Carr, Miss. Helen ""Ellen""",female,16.0,0.0,0.0,367231,7.75,,Q,
847,1425.0,460.0,,,,,,,,,,,,
550,145.0,237.0,238.0,2.0,"Collyer, Miss. Marjorie ""Lottie""",female,8.0,0.0,2.0,C.A. 31921,26.25,,S,
2162,31.0,,,,,,,,,,,,,
2094,1165.0,,,,,,,,,,,,,
1828,595.0,,,,,,,,,,,,,
1485,1377.0,,,,,,,,,,,,,
989,535.0,436.0,437.0,3.0,"Ford, Miss. Doolina Margaret ""Daisy""",female,21.0,2.0,2.0,W./C. 6608,34.375,,S,
2541,603.0,,,,,,,,,,,,,
1987,850.0,,,,,,,,,,,,,
1905,704.0,,,,,,,,,,,,,
620,110.0,826.0,827.0,3.0,"Lam, Mr. Len",male,,0.0,0.0,1601,56.4958,,S,
430,1236.0,133.0,,,,,,,,,,,,
2706,1064.0,,,,,,,,,,,,,
187,1343.0,232.0,,,,,,,,,,,,
1786,1488.0,,,,,,,,,,,,,
175,1410.0,450.0,,,,,,,,,,,,
902,1249.0,147.0,,,,,,,,,,,,
2410,473.0,,,,,,,,,,,,,
765,1232.0,806.0,,,,,,,,,,,,
33,751.0,209.0,210.0,1.0,"Blank, Mr. Henry",male,40.0,0.0,0.0,112277,31.0,A31,C,
2209,887.0,,,,,,,,,,,,,
1557,64.0,,,,,,,,,,,,,
2540,156.0,,,,,,,,,,,,,
1049,676.0,132.0,133.0,3.0,"Robins, Mrs. Alexander A (Grace Charity Laury)",female,47.0,1.0,0.0,A/5. 3337,14.5,,S,
2317,1207.0,,,,,,,,,,,,,
2249,359.0,,,,,,,,,,,,,
1773,1389.0,,,,,,,,,,,,,
2782,871.0,,,,,,,,,,,,,
2664,407.0,,,,,,,,,,,,,
514,971.0,164.0,,,,,,,,,,,,
277,1147.0,61.0,,,,,,,,,,,,
2606,1584.0,,,,,,,,,,,,,
2737,1411.0,,,,,,,,,,,,,
1466,557.0,,,,,,,,,,,,,
531,989.0,858.0,,,,,,,,,,,,
196,442.0,319.0,320.0,1.0,"Spedden, Mrs. Frederic Oakley (Margaretta Corning Stone)",female,40.0,1.0,1.0,16966,134.5,E34,C,
1227,1035.0,667.0,,,,,,,,,,,,
2260,851.0,,,,,,,,,,,,,
2601,349.0,,,,,,,,,,,,,
2438,398.0,,,,,,,,,,,,,
1818,505.0,,,,,,,,,,,,,
767,180.0,629.0,630.0,3.0,"O'Connell, Mr. Patrick D",male,,0.0,0.0,334912,7.7333,,Q,
1736,615.0,,,,,,,,,,,,,
917,1418.0,323.0,,,,,,,,,,,,
1100,603.0,854.0,855.0,2.0,"Carter, Mrs. Ernest Courtenay (Lilian Hughes)",female,44.0,1.0,0.0,244252,26.0,,S,
1510,235.0,,,,,,,,,,,,,
2620,47.0,,,,,,,,,,,,,
1218,1230.0,134.0,,,,,,,,,,,,
773,1459.0,141.0,,,,,,,,,,,,
53,1385.0,619.0,,,,,,,,,,,,
1524,1338.0,,,,,,,,,,,,,
1937,341.0,,,,,,,,,,,,,
7,1347.0,551.0,,,,,,,,,,,,
520,1367.0,535.0,,,,,,,,,,,,
2388,1299.0,,,,,,,,,,,,,
1931,582.0,,,,,,,,,,,,,
1241,1484.0,101.0,,,,,,,,,,,,
2158,1471.0,,,,,,,,,,,,,
1540,1007.0,,,,,,,,,,,,,
1376,808.0,318.0,,,,,,,,,,,,
2029,217.0,,,,,,,,,,,,,
2165,854.0,,,,,,,,,,,,,
1758,36.0,,,,,,,,,,,,,
1942,952.0,,,,,,,,,,,,,
2683,811.0,,,,,,,,,,,,,
2598,1498.0,,,,,,,,,,,,,
1377,6.0,251.0,252.0,3.0,"Strom, Mrs. Wilhelm (Elna Matilda Persson)",female,29.0,1.0,1.0,347054,10.4625,G6,S,
1555,707.0,,,,,,,,,,,,,
351,1210.0,105.0,,,,,,,,,,,,
1961,1367.0,,,,,,,,,,,,,
1364,412.0,738.0,739.0,3.0,"Ivanoff, Mr. Kanio",male,,0.0,0.0,349201,7.8958,,S,
2058,1134.0,,,,,,,,,,,,,
2116,716.0,,,,,,,,,,,,,
1644,386.0,,,,,,,,,,,,,
2429,1406.0,,,,,,,,,,,,,
1797,667.0,,,,,,,,,,,,,
417,488.0,1.0,2.0,1.0,"Cumings, Mrs. John Bradley (Florence Briggs Thayer)",female,38.0,1.0,0.0,PC 17599,71.2833,C85,C,
2250,472.0,,,,,,,,,,,,,
683,701.0,568.0,569.0,3.0,"Doharr, Mr. Tannous",male,,0.0,0.0,2686,7.2292,,C,
726,568.0,238.0,239.0,2.0,"Pengelly, Mr. Frederick William",male,19.0,0.0,0.0,28665,10.5,,S,
1520,1265.0,,,,,,,,,,,,,
2400,1277.0,,,,,,,,,,,,,
971,1198.0,845.0,,,,,,,,,,,,
254,687.0,383.0,384.0,1.0,"Holverson, Mrs. Alexander Oskar (Mary Aline Towner)",female,35.0,1.0,0.0,113789,52.0,,S,
1297,1047.0,562.0,,,,,,,,,,,,
2759,503.0,,,,,,,,,,,,,
307,1186.0,466.0,,,,,,,,,,,,
310,1049.0,465.0,,,,,,,,,,,,
2039,857.0,,,,,,,,,,,,,
431,1534.0,145.0,,,,,,,,,,,,
1118,881.0,359.0,,,,,,,,,,,,
774,131.0,126.0,127.0,3.0,"McMahon, Mr. Martin",male,,0.0,0.0,370372,7.75,,Q,
232,307.0,536.0,537.0,1.0,"Butt, Major. Archibald Willingham",male,45.0,0.0,0.0,113050,26.55,B38,S,
2723,1274.0,,,,,,,,,,,,,
98,494.0,628.0,629.0,3.0,"Bostandyeff, Mr. Guentcho",male,26.0,0.0,0.0,349224,7.8958,,S,
757,1246.0,165.0,,,,,,,,,,,,
2668,1035.0,,,,,,,,,,,,,
2530,167.0,,,,,,,,,,,,,
2812,1305.0,,,,,,,,,,,,,
1207,839.0,508.0,,,,,,,,,,,,
2588,884.0,,,,,,,,,,,,,
2458,1173.0,,,,,,,,,,,,,
1154,1166.0,225.0,,,,,,,,,,,,
2609,1322.0,,,,,,,,,,,,,
1750,422.0,,,,,,,,,,,,,
2778,120.0,,,,,,,,,,,,,
2101,762.0,,,,,,,,,,,,,
900,1197.0,315.0,,,,,,,,,,,,
566,1070.0,177.0,,,,,,,,,,,,
112,624.0,460.0,461.0,1.0,"Anderson, Mr. Harry",male,48.0,0.0,0.0,19952,26.55,E12,S,
1061,1213.0,738.0,,,,,,,,,,,,
78,154.0,118.0,119.0,1.0,"Baxter, Mr. Quigg Edmond",male,24.0,0.0,1.0,PC 17558,247.5208,B58 B60,C,
2747,1530.0,,,,,,,,,,,,,
633,1409.0,41.0,,,,,,,,,,,,
2395,822.0,,,,,,,,,,,,,
2130,1528.0,,,,,,,,,,,,,
2181,1434.0,,,,,,,,,,,,,
562,1569.0,6.0,,,,,,,,,,,,
923,677.0,644.0,645.0,3.0,"Baclini, Miss. Eugenie",female,0.75,2.0,1.0,2666,19.2583,,C,
282,809.0,107.0,,,,,,,,,,,,
957,1548.0,864.0,,,,,,,,,,,,
31,1229.0,447.0,,,,,,,,,,,,
1527,157.0,,,,,,,,,,,,,
1372,713.0,365.0,366.0,3.0,"Adahl, Mr. Mauritz Nils Martin",male,30.0,0.0,0.0,C 7076,7.25,,S,
2188,62.0,,,,,,,,,,,,,
1776,1552.0,,,,,,,,,,,,,
2347,459.0,,,,,,,,,,,,,
947,1299.0,884.0,,,,,,,,,,,,
1383,569.0,837.0,838.0,3.0,"Sirota, Mr. Maurice",male,,0.0,0.0,392092,8.05,,S,
523,318.0,485.0,486.0,3.0,"Lefebre, Miss. Jeannie",female,,3.0,1.0,4133,25.4667,,S,
1287,1376.0,440.0,,,,,,,,,,,,
2296,604.0,,,,,,,,,,,,,
221,1451.0,375.0,,,,,,,,,,,,
2781,1076.0,,,,,,,,,,,,,
223,224.0,305.0,306.0,1.0,"Allison, Master. Hudson Trevor",male,0.92,1.0,2.0,113781,151.55,C22 C26,S,
2418,471.0,,,,,,,,,,,,,
1260,1001.0,19.0,,,,,,,,,,,,
1326,282.0,762.0,763.0,3.0,"Barah, Mr. Hanna Assi",male,20.0,0.0,0.0,2663,7.2292,,C,
2425,43.0,,,,,,,,,,,,,
2730,880.0,,,,,,,,,,,,,
610,749.0,299.0,300.0,1.0,"Baxter, Mrs. James (Helene DeLaudeniere Chaput)",female,50.0,0.0,1.0,PC 17558,247.5208,B58 B60,C,
1606,515.0,,,,,,,,,,,,,
405,1586.0,67.0,,,,,,,,,,,,
377,505.0,435.0,436.0,1.0,"Carter, Miss. Lucile Polk",female,14.0,1.0,2.0,113760,120.0,B96 B98,S,
2169,625.0,,,,,,,,,,,,,
2343,1249.0,,,,,,,,,,,,,
2647,1516.0,,,,,,,,,,,,,
1388,987.0,217.0,,,,,,,,,,,,
621,1430.0,550.0,,,,,,,,,,,,
880,274.0,346.0,347.0,2.0,"Smith, Miss. Marion Elsie",female,40.0,0.0,0.0,31418,13.0,,S,
1683,440.0,,,,,,,,,,,,,
1088,1501.0,376.0,,,,,,,,,,,,
1788,1472.0,,,,,,,,,,,,,
612,1088.0,818.0,,,,,,,,,,,,
1457,500.0,,,,,,,,,,,,,
387,595.0,544.0,545.0,1.0,"Douglas, Mr. Walter Donald",male,50.0,1.0,0.0,PC 17761,106.425,C86,C,
37,358.0,458.0,459.0,2.0,"Toomey, Miss. Ellen",female,50.0,0.0,0.0,F.C.C. 13531,10.5,,S,
1963,1050.0,,,,,,,,,,,,,
2669,778.0,,,,,,,,,,,,,
1902,1190.0,,,,,,,,,,,,,
1017,1173.0,459.0,,,,,,,,,,,,
15,1373.0,98.0,,,,,,,,,,,,
2060,369.0,,,,,,,,,,,,,
703,1150.0,462.0,,,,,,,,,,,,
2012,689.0,,,,,,,,,,,,,
1627,298.0,,,,,,,,,,,,,
2075,1156.0,,,,,,,,,,,,,
1021,1320.0,304.0,,,,,,,,,,,,
2215,131.0,,,,,,,,,,,,,
296,275.0,874.0,875.0,2.0,"Abelson, Mrs. Samuel (Hannah Wizosky)",female,28.0,1.0,0.0,P/PP 3381,24.0,,C,
2282,1043.0,,,,,,,,,,,,,
472,659.0,8.0,9.0,3.0,"Johnson, Mrs. Oscar W (Elisabeth Vilhelmina Berg)",female,27.0,0.0,2.0,347742,11.1333,,S,
40,1405.0,819.0,,,,,,,,,,,,
1676,1067.0,,,,,,,,,,,,,
1015,998.0,347.0,,,,,,,,,,,,
1583,1382.0,,,,,,,,,,,,,
1432,1297.0,113.0,,,,,,,,,,,,
1532,147.0,,,,,,,,,,,,,
1513,411.0,,,,,,,,,,,,,
2853,1298.0,,,,,,,,,,,,,
130,58.0,461.0,462.0,3.0,"Morley, Mr. William",male,34.0,0.0,0.0,364506,8.05,,S,
464,704.0,586.0,587.0,2.0,"Jarvis, Mr. John Denzil",male,47.0,0.0,0.0,237565,15.0,,S,
1869,882.0,,,,,,,,,,,,,
1831,830.0,,,,,,,,,,,,,
2826,906.0,,,,,,,,,,,,,
2589,661.0,,,,,,,,,,,,,
1738,1489.0,,,,,,,,,,,,,
625,8.0,107.0,108.0,3.0,"Moss, Mr. Albert Johan",male,,0.0,0.0,312991,7.775,,S,
771,835.0,404.0,,,,,,,,,,,,
1994,925.0,,,,,,,,,,,,,
2308,1119.0,,,,,,,,,,,,,
429,35.0,407.0,408.0,2.0,"Richards, Master. William Rowe",male,3.0,1.0,1.0,29106,18.75,,S,
739,813.0,468.0,,,,,,,,,,,,
488,1167.0,100.0,,,,,,,,,,,,
1981,1096.0,,,,,,,,,,,,,
252,261.0,580.0,581.0,2.0,"Christy, Miss. Julie Rachel",female,25.0,1.0,1.0,237789,30.0,,S,
808,359.0,282.0,283.0,3.0,"de Pelsmaeker, Mr. Alfons",male,16.0,0.0,0.0,345778,9.5,,S,
738,1132.0,57.0,,,,,,,,,,,,
487,1474.0,727.0,,,,,,,,,,,,
2512,273.0,,,,,,,,,,,,,
791,974.0,615.0,,,,,,,,,,,,
2610,305.0,,,,,,,,,,,,,
486,60.0,158.0,159.0,3.0,"Smiljanic, Mr. Mile",male,,0.0,0.0,315037,8.6625,,S,
1819,698.0,,,,,,,,,,,,,
1614,205.0,,,,,,,,,,,,,
1848,238.0,,,,,,,,,,,,,
1760,441.0,,,,,,,,,,,,,
2873,1297.0,,,,,,,,,,,,,
920,1200.0,559.0,,,,,,,,,,,,
1181,967.0,791.0,,,,,,,,,,,,
2132,1517.0,,,,,,,,,,,,,
2526,800.0,,,,,,,,,,,,,
2305,827.0,,,,,,,,,,,,,
730,1108.0,536.0,,,,,,,,,,,,
2503,461.0,,,,,,,,,,,,,
2573,1278.0,,,,,,,,,,,,,
2316,1201.0,,,,,,,,,,,,,
2765,518.0,,,,,,,,,,,,,
262,657.0,75.0,76.0,3.0,"Moen, Mr. Sigurd Hansen",male,25.0,0.0,0.0,348123,7.65,F G73,S,
1572,699.0,,,,,,,,,,,,,
49,540.0,871.0,872.0,1.0,"Beckwith, Mrs. Richard Leonard (Sallie Monypeny)",female,47.0,1.0,1.0,11751,52.5542,D35,S,
812,650.0,375.0,376.0,1.0,"Meyer, Mrs. Edgar Joseph (Leila Saks)",female,,1.0,0.0,PC 17604,82.1708,,C,
1104,1184.0,58.0,,,,,,,,,,,,
2193,1264.0,,,,,,,,,,,,,
210,571.0,182.0,183.0,3.0,"Asplund, Master. Clarence Gustaf Hugo",male,9.0,4.0,2.0,347077,31.3875,,S,
2205,415.0,,,,,,,,,,,,,
2642,1390.0,,,,,,,,,,,,,
2684,365.0,,,,,,,,,,,,,
143,1439.0,878.0,,,,,,,,,,,,
1602,1075.0,,,,,,,,,,,,,
1344,1036.0,810.0,,,,,,,,,,,,
181,324.0,302.0,303.0,3.0,"Johnson, Mr. William Cahoone Jr",male,19.0,0.0,0.0,LINE,0.0,,S,
1967,67.0,,,,,,,,,,,,,
2784,669.0,,,,,,,,,,,,,
938,660.0,412.0,413.0,1.0,"Minahan, Miss. Daisy E",female,33.0,1.0,0.0,19928,90.0,C78,Q,
1515,1058.0,,,,,,,,,,,,,
776,435.0,133.0,134.0,2.0,"Weisz, Mrs. Leopold (Mathilde Francoise Pede)",female,29.0,1.0,0.0,228414,26.0,,S,
2444,1431.0,,,,,,,,,,,,,
1756,479.0,,,,,,,,,,,,,
2291,1217.0,,,,,,,,,,,,,
2825,1034.0,,,,,,,,,,,,,
2359,605.0,,,,,,,,,,,,,
2678,907.0,,,,,,,,,,,,,
326,1266.0,28.0,,,,,,,,,,,,
635,1461.0,412.0,,,,,,,,,,,,
1363,1564.0,30.0,,,,,,,,,,,,
2820,790.0,,,,,,,,,,,,,
1119,94.0,273.0,274.0,1.0,"Natsch, Mr. Charles H",male,37.0,0.0,1.0,PC 17596,29.7,C118,C,
115,56.0,187.0,188.0,1.0,"Romaine, Mr. Charles Hallace (""Mr C Rolmane"")",male,45.0,0.0,0.0,111428,26.55,,S,
1201,1390.0,84.0,,,,,,,,,,,,
1531,914.0,,,,,,,,,,,,,
1437,360.0,326.0,327.0,3.0,"Nysveen, Mr. Johan Hansen",male,61.0,0.0,0.0,345364,6.2375,,S,
1575,198.0,,,,,,,,,,,,,
2824,569.0,,,,,,,,,,,,,
202,1413.0,687.0,,,,,,,,,,,,
423,212.0,290.0,291.0,1.0,"Barber, Miss. Ellen ""Nellie""",female,26.0,0.0,0.0,19877,78.85,,S,
1492,495.0,,,,,,,,,,,,,
411,1553.0,124.0,,,,,,,,,,,,
2026,727.0,,,,,,,,,,,,,
264,1010.0,772.0,,,,,,,,,,,,
2855,1262.0,,,,,,,,,,,,,
1427,845.0,423.0,,,,,,,,,,,,
2818,6.0,,,,,,,,,,,,,
516,964.0,219.0,,,,,,,,,,,,
2649,1256.0,,,,,,,,,,,,,
353,130.0,529.0,530.0,2.0,"Hocking, Mr. Richard George",male,23.0,2.0,1.0,29104,11.5,,S,
2415,879.0,,,,,,,,,,,,,
2054,1259.0,,,,,,,,,,,,,
373,585.0,801.0,802.0,2.0,"Collyer, Mrs. Harvey (Charlotte Annie Tate)",female,31.0,1.0,1.0,C.A. 31921,26.25,,S,
1692,1296.0,,,,,,,,,,,,,
1398,1529.0,807.0,,,,,,,,,,,,
243,1110.0,850.0,,,,,,,,,,,,
574,296.0,539.0,540.0,1.0,"Frolicher, Miss. Hedwig Margaritha",female,22.0,0.0,2.0,13568,49.5,B39,C,
1999,70.0,,,,,,,,,,,,,
113,210.0,824.0,825.0,3.0,"Panula, Master. Urho Abraham",male,2.0,4.0,1.0,3101295,39.6875,,S,
2630,935.0,,,,,,,,,,,,,
1526,741.0,,,,,,,,,,,,,
1882,868.0,,,,,,,,,,,,,
1373,1308.0,483.0,,,,,,,,,,,,
2197,546.0,,,,,,,,,,,,,
490,582.0,814.0,815.0,3.0,"Tomlin, Mr. Ernest Portage",male,30.5,0.0,0.0,364499,8.05,,S,
1608,616.0,,,,,,,,,,,,,
2351,1032.0,,,,,,,,,,,,,
863,1462.0,110.0,,,,,,,,,,,,
2624,166.0,,,,,,,,,,,,,
690,883.0,489.0,,,,,,,,,,,,
1138,1221.0,398.0,,,,,,,,,,,,
294,1557.0,660.0,,,,,,,,,,,,
2076,1461.0,,,,,,,,,,,,,
2860,916.0,,,,,,,,,,,,,
1801,1349.0,,,,,,,,,,,,,
1990,1509.0,,,,,,,,,,,,,
2423,332.0,,,,,,,,,,,,,
1406,277.0,174.0,175.0,1.0,"Smith, Mr. James Clinch",male,56.0,0.0,0.0,17764,30.6958,A7,C,
2847,277.0,,,,,,,,,,,,,
468,1169.0,161.0,,,,,,,,,,,,
166,864.0,39.0,,,,,,,,,,,,
853,189.0,272.0,273.0,2.0,"Mellinger, Mrs. (Elizabeth Anne Maidment)",female,41.0,0.0,1.0,250644,19.5,,S,
1936,25.0,,,,,,,,,,,,,
1551,115.0,,,,,,,,,,,,,
1411,61.0,849.0,850.0,1.0,"Goldenberg, Mrs. Samuel L (Edwiga Grabowska)",female,,1.0,0.0,17453,89.1042,C92,C,
903,1116.0,875.0,,,,,,,,,,,,
2795,1263.0,,,,,,,,,,,,,
1250,1211.0,348.0,,,,,,,,,,,,
2334,478.0,,,,,,,,,,,,,
1380,926.0,358.0,,,,,,,,,,,,
2694,59.0,,,,,,,,,,,,,
2806,1040.0,,,,,,,,,,,,,
1313,420.0,398.0,399.0,2.0,"Pain, Dr. Alfred",male,23.0,0.0,0.0,244278,10.5,,S,
1160,349.0,462.0,463.0,1.0,"Gee, Mr. Arthur H",male,47.0,0.0,0.0,111320,38.5,E63,S,
2681,1440.0,,,,,,,,,,,,,
478,114.0,90.0,91.0,3.0,"Christmann, Mr. Emil",male,29.0,0.0,0.0,343276,8.05,,S,
1535,763.0,,,,,,,,,,,,,
2145,29.0,,,,,,,,,,,,,
341,843.0,172.0,,,,,,,,,,,,
2086,215.0,,,,,,,,,,,,,
1891,203.0,,,,,,,,,,,,,
1909,1169.0,,,,,,,,,,,,,
1140,1556.0,337.0,,,,,,,,,,,,
2724,1566.0,,,,,,,,,,,,,
1952,1391.0,,,,,,,,,,,,,
1825,476.0,,,,,,,,,,,,,
1895,71.0,,,,,,,,,,,,,
2563,743.0,,,,,,,,,,,,,
2335,1066.0,,,,,,,,,,,,,
2261,652.0,,,,,,,,,,,,,
1189,935.0,433.0,,,,,,,,,,,,
108,734.0,732.0,733.0,2.0,"Knight, Mr. Robert J",male,,0.0,0.0,239855,0.0,,S,
878,711.0,381.0,382.0,3.0,"Nakid, Miss. Maria (""Mary"")",female,1.0,0.0,2.0,2653,15.7417,,C,
2424,173.0,,,,,,,,,,,,,
936,449.0,517.0,518.0,3.0,"Ryan, Mr. Patrick",male,,0.0,0.0,371110,24.15,,Q,
772,931.0,529.0,,,,,,,,,,,,
2390,541.0,,,,,,,,,,,,,
1145,1.0,490.0,491.0,3.0,"Hagland, Mr. Konrad Mathias Reiersen",male,,1.0,0.0,65304,19.9667,,S,
1867,1161.0,,,,,,,,,,,,,
748,1155.0,693.0,,,,,,,,,,,,
2278,1362.0,,,,,,,,,,,,,
2015,296.0,,,,,,,,,,,,,
2504,239.0,,,,,,,,,,,,,
1245,1492.0,32.0,,,,,,,,,,,,
1384,1034.0,202.0,,,,,,,,,,,,
2141,968.0,,,,,,,,,,,,,
2378,1316.0,,,,,,,,,,,,,
1570,300.0,,,,,,,,,,,,,
409,27.0,646.0,647.0,3.0,"Cor, Mr. Liudevit",male,19.0,0.0,0.0,349231,7.8958,,S,
1475,584.0,,,,,,,,,,,,,
2324,1395.0,,,,,,,,,,,,,
2340,889.0,,,,,,,,,,,,,
1042,230.0,427.0,428.0,2.0,"Phillips, Miss. Kate Florence (""Mrs Kate Louise Phillips Marshall"")",female,19.0,0.0,0.0,250655,26.0,,S,
1382,663.0,809.0,810.0,1.0,"Chambers, Mrs. Norman Campbell (Bertha Griggs)",female,33.0,1.0,0.0,113806,53.1,E8,S,
2147,1502.0,,,,,,,,,,,,,
64,1445.0,266.0,,,,,,,,,,,,
1862,343.0,,,,,,,,,,,,,
1130,42.0,172.0,173.0,3.0,"Johnson, Miss. Eleanor Ileen",female,1.0,1.0,1.0,347742,11.1333,,S,
1988,1519.0,,,,,,,,,,,,,
1491,229.0,,,,,,,,,,,,,
2542,690.0,,,,,,,,,,,,,
527,1582.0,631.0,,,,,,,,,,,,
1178,618.0,367.0,368.0,3.0,"Moussa, Mrs. (Mantoura Boulos)",female,,0.0,0.0,2626,7.2292,,C,
1563,88.0,,,,,,,,,,,,,
2756,1105.0,,,,,,,,,,,,,
807,93.0,370.0,371.0,1.0,"Harder, Mr. George Achilles",male,25.0,1.0,0.0,11765,55.4417,E50,C,
2691,1211.0,,,,,,,,,,,,,
1413,216.0,16.0,17.0,3.0,"Rice, Master. Eugene",male,2.0,4.0,1.0,382652,29.125,,Q,
2564,2.0,,,,,,,,,,,,,
70,1448.0,812.0,,,,,,,,,,,,
1082,567.0,847.0,848.0,3.0,"Markoff, Mr. Marin",male,35.0,0.0,0.0,349213,7.8958,,C,
2710,840.0,,,,,,,,,,,,,
522,1050.0,416.0,,,,,,,,,,,,
2827,389.0,,,,,,,,,,,,,
2492,1027.0,,,,,,,,,,,,,
239,1244.0,630.0,,,,,,,,,,,,
315,479.0,886.0,887.0,2.0,"Montvila, Rev. Juozas",male,27.0,0.0,0.0,211536,13.0,,S,
1371,1305.0,712.0,,,,,,,,,,,,
1265,1064.0,756.0,,,,,,,,,,,,
2582,228.0,,,,,,,,,,,,,
2808,696.0,,,,,,,,,,,,,
1209,1538.0,246.0,,,,,,,,,,,,
2658,1575.0,,,,,,,,,,,,,
1635,408.0,,,,,,,,,,,,,
1386,389.0,578.0,579.0,3.0,"Caram, Mrs. Joseph (Maria Elias)",female,,1.0,0.0,2689,14.4583,,C,
701,785.0,67.0,68.0,3.0,"Crease, Mr. Ernest James",male,19.0,0.0,0.0,S.P. 3464,8.1583,,S,
2841,961.0,,,,,,,,,,,,,
2143,418.0,,,,,,,,,,,,,
688,932.0,126.0,,,,,,,,,,,,
1980,859.0,,,,,,,,,,,,,
426,1161.0,326.0,,,,,,,,,,,,
1514,658.0,,,,,,,,,,,,,
82,1463.0,665.0,,,,,,,,,,,,
1498,1314.0,,,,,,,,,,,,,
720,127.0,523.0,524.0,1.0,"Hippach, Mrs. Louis Albert (Ida Sophia Fischer)",female,44.0,0.0,1.0,111361,57.9792,B18,C,
86,157.0,214.0,215.0,3.0,"Kiernan, Mr. Philip",male,,1.0,0.0,367229,7.75,,Q,
1159,319.0,601.0,602.0,3.0,"Slabenoff, Mr. Petco",male,,0.0,0.0,349214,7.8958,,S,
1051,1027.0,613.0,,,,,,,,,,,,
608,627.0,33.0,34.0,2.0,"Wheadon, Mr. Edward H",male,66.0,0.0,0.0,C.A. 24579,10.5,,S,
2432,1592.0,,,,,,,,,,,,,
1210,602.0,320.0,321.0,3.0,"Dennis, Mr. Samuel",male,22.0,0.0,0.0,A/5 21172,7.25,,S,
1946,1107.0,,,,,,,,,,,,,
623,944.0,607.0,,,,,,,,,,,,
1144,1452.0,162.0,,,,,,,,,,,,
532,693.0,767.0,768.0,3.0,"Mangan, Miss. Mary",female,30.5,0.0,0.0,364850,7.75,,Q,
896,1255.0,400.0,,,,,,,,,,,,
2389,1261.0,,,,,,,,,,,,,
1469,1318.0,,,,,,,,,,,,,
2243,165.0,,,,,,,,,,,,,
1661,1111.0,,,,,,,,,,,,,
2543,466.0,,,,,,,,,,,,,
2551,862.0,,,,,,,,,,,,,
848,1427.0,322.0,,,,,,,,,,,,
66,426.0,452.0,453.0,1.0,"Foreman, Mr. Benjamin Laventall",male,30.0,0.0,0.0,113051,27.75,C111,C,
2446,1600.0,,,,,,,,,,,,,
372,148.0,642.0,643.0,3.0,"Skoog, Miss. Margit Elizabeth",female,2.0,3.0,2.0,347088,27.9,,S,
1468,85.0,,,,,,,,,,,,,
2464,463.0,,,,,,,,,,,,,
1011,860.0,53.0,,,,,,,,,,,,
172,253.0,676.0,677.0,3.0,"Sawyer, Mr. Frederick Charles",male,24.5,0.0,0.0,342826,8.05,,S,
1889,1358.0,,,,,,,,,,,,,
2052,1062.0,,,,,,,,,,,,,
2420,1224.0,,,,,,,,,,,,,
2306,1421.0,,,,,,,,,,,,,
304,772.0,328.0,329.0,3.0,"Goldsmith, Mrs. Frank John (Emily Alice Brown)",female,31.0,1.0,1.0,363291,20.525,,S,
2872,1037.0,,,,,,,,,,,,,
2240,1170.0,,,,,,,,,,,,,
2374,329.0,,,,,,,,,,,,,
2819,283.0,,,,,,,,,,,,,
731,691.0,32.0,33.0,3.0,"Glynn, Miss. Mary Agatha",female,,0.0,0.0,335677,7.75,,Q,
476,552.0,685.0,686.0,2.0,"Laroche, Mr. Joseph Philippe Lemercier",male,25.0,1.0,2.0,SC/Paris 2123,41.5792,,C,
611,1062.0,580.0,,,,,,,,,,,,
1678,1532.0,,,,,,,,,,,,,
2845,969.0,,,,,,,,,,,,,
733,1115.0,743.0,,,,,,,,,,,,
831,0.0,417.0,418.0,2.0,"Silven, Miss. Lyyli Karoliina",female,18.0,0.0,2.0,250652,13.0,,S,
1682,104.0,,,,,,,,,,,,,
2861,99.0,,,,,,,,,,,,,
1690,100.0,,,,,,,,,,,,,
2191,1482.0,,,,,,,,,,,,,
1125,1008.0,835.0,,,,,,,,,,,,
2353,264.0,,,,,,,,,,,,,
1545,375.0,,,,,,,,,,,,,
618,1442.0,813.0,,,,,,,,,,,,
2111,453.0,,,,,,,,,,,,,
2468,896.0,,,,,,,,,,,,,
1672,181.0,,,,,,,,,,,,,
2463,1099.0,,,,,,,,,,,,,
734,469.0,784.0,785.0,3.0,"Ali, Mr. William",male,25.0,0.0,0.0,SOTON/O.Q. 3101312,7.05,,S,
1724,799.0,,,,,,,,,,,,,
1631,485.0,,,,,,,,,,,,,
2545,1184.0,,,,,,,,,,,,,
1554,210.0,,,,,,,,,,,,,
1180,1561.0,585.0,,,,,,,,,,,,
910,1032.0,506.0,,,,,,,,,,,,
1403,1531.0,289.0,,,,,,,,,,,,
2839,1529.0,,,,,,,,,,,,,
89,161.0,120.0,121.0,2.0,"Hickman, Mr. Stanley George",male,21.0,2.0,0.0,S.O.C. 14879,73.5,,S,
1415,113.0,623.0,624.0,3.0,"Hansen, Mr. Henry Damsgaard",male,21.0,0.0,0.0,350029,7.8542,,S,
1958,856.0,,,,,,,,,,,,,
2146,431.0,,,,,,,,,,,,,
691,1517.0,200.0,,,,,,,,,,,,
2768,1103.0,,,,,,,,,,,,,
1698,1539.0,,,,,,,,,,,,,
2803,108.0,,,,,,,,,,,,,
2753,209.0,,,,,,,,,,,,,
2125,388.0,,,,,,,,,,,,,
2381,1057.0,,,,,,,,,,,,,
2449,1180.0,,,,,,,,,,,,,
590,423.0,674.0,675.0,2.0,"Watson, Mr. Ennis Hastings",male,,0.0,0.0,239856,0.0,,S,
601,529.0,74.0,75.0,3.0,"Bing, Mr. Lee",male,32.0,0.0,0.0,1601,56.4958,,S,
1544,427.0,,,,,,,,,,,,,
555,900.0,708.0,,,,,,,,,,,,
455,265.0,626.0,627.0,2.0,"Kirkland, Rev. Charles Leonard",male,57.0,0.0,0.0,219533,12.35,,Q,
2357,475.0,,,,,,,,,,,,,
2780,792.0,,,,,,,,,,,,,
1675,1085.0,,,,,,,,,,,,,
802,165.0,608.0,609.0,2.0,"Laroche, Mrs. Joseph (Juliette Marie Louise Lafargue)",female,22.0,1.0,2.0,SC/Paris 2123,41.5792,,C,
466,1101.0,157.0,,,,,,,,,,,,
189,395.0,555.0,556.0,1.0,"Wright, Mr. George",male,62.0,0.0,0.0,113807,26.55,,S,
1677,509.0,,,,,,,,,,,,,
1134,399.0,559.0,560.0,3.0,"de Messemaeker, Mrs. Guillaume Joseph (Emma)",female,36.0,1.0,0.0,345572,17.4,,S,
552,1046.0,267.0,,,,,,,,,,,,
1913,659.0,,,,,,,,,,,,,
1953,342.0,,,,,,,,,,,,,
700,968.0,410.0,,,,,,,,,,,,
2277,517.0,,,,,,,,,,,,,
2559,881.0,,,,,,,,,,,,,
1598,1042.0,,,,,,,,,,,,,
941,1045.0,221.0,,,,,,,,,,,,
2048,383.0,,,,,,,,,,,,,
2112,802.0,,,,,,,,,,,,,
1066,1270.0,784.0,,,,,,,,,,,,
2294,189.0,,,,,,,,,,,,,
999,758.0,218.0,219.0,1.0,"Bazzani, Miss. Albina",female,32.0,0.0,0.0,11813,76.2917,D15,C,
1876,858.0,,,,,,,,,,,,,
2822,1176.0,,,,,,,,,,,,,
1304,123.0,740.0,741.0,1.0,"Hawksford, Mr. Walter James",male,,0.0,0.0,16988,30.0,D45,S,
2342,960.0,,,,,,,,,,,,,
2005,992.0,,,,,,,,,,,,,
994,587.0,167.0,168.0,3.0,"Skoog, Mrs. William (Anna Bernhardina Karlsson)",female,45.0,1.0,4.0,347088,27.9,,S,
496,341.0,37.0,38.0,3.0,"Cann, Mr. Ernest Charles",male,21.0,0.0,0.0,A./5. 2152,8.05,,S,
1200,1152.0,611.0,,,,,,,,,,,,
192,1189.0,114.0,,,,,,,,,,,,
36,1490.0,210.0,,,,,,,,,,,,
1495,289.0,,,,,,,,,,,,,
1592,1174.0,,,,,,,,,,,,,
2690,928.0,,,,,,,,,,,,,
1108,686.0,199.0,200.0,2.0,"Yrois, Miss. Henriette (""Mrs Harbeck"")",female,24.0,0.0,0.0,248747,13.0,,S,
389,361.0,627.0,628.0,1.0,"Longley, Miss. Gretchen Fiske",female,21.0,0.0,0.0,13502,77.9583,D9,S,
629,912.0,620.0,,,,,,,,,,,,
1914,548.0,,,,,,,,,,,,,
966,474.0,634.0,635.0,3.0,"Skoog, Miss. Mabel",female,9.0,3.0,2.0,347088,27.9,,S,
1148,661.0,110.0,111.0,1.0,"Porter, Mr. Walter Chamberlain",male,47.0,0.0,0.0,110465,52.0,C110,S,
1091,646.0,296.0,297.0,3.0,"Hanna, Mr. Mansour",male,23.5,0.0,0.0,2693,7.2292,,C,
2447,601.0,,,,,,,,,,,,,
1132,1278.0,393.0,,,,,,,,,,,,
2655,38.0,,,,,,,,,,,,,
2502,1213.0,,,,,,,,,,,,,
2103,847.0,,,,,,,,,,,,,
958,1568.0,280.0,,,,,,,,,,,,
1481,1405.0,,,,,,,,,,,,,
322,853.0,21.0,,,,,,,,,,,,
2367,345.0,,,,,,,,,,,,,
870,744.0,247.0,248.0,2.0,"Hamalainen, Mrs. William (Anna)",female,24.0,0.0,2.0,250649,14.5,,S,
749,1340.0,690.0,,,,,,,,,,,,
2156,134.0,,,,,,,,,,,,,
1151,1449.0,780.0,,,,,,,,,,,,
2365,168.0,,,,,,,,,,,,,
2635,403.0,,,,,,,,,,,,,
537,95.0,510.0,511.0,3.0,"Daly, Mr. Eugene Patrick",male,29.0,0.0,0.0,382651,7.75,,Q,
1997,419.0,,,,,,,,,,,,,
1586,609.0,,,,,,,,,,,,,
1945,513.0,,,,,,,,,,,,,
1957,964.0,,,,,,,,,,,,,
1359,1481.0,293.0,,,,,,,,,,,,
20,299.0,24.0,25.0,3.0,"Palsson, Miss. Torborg Danira",female,8.0,3.0,1.0,349909,21.075,,S,
736,680.0,293.0,294.0,3.0,"Haas, Miss. Aloisia",female,24.0,0.0,0.0,349236,8.85,,S,
1673,307.0,,,,,,,,,,,,,
2140,1219.0,,,,,,,,,,,,,
497,1483.0,820.0,,,,,,,,,,,,
1488,30.0,,,,,,,,,,,,,
137,245.0,267.0,268.0,3.0,"Persson, Mr. Ernst Ulrik",male,25.0,1.0,0.0,347083,7.775,,S,
1518,103.0,,,,,,,,,,,,,
261,1202.0,570.0,,,,,,,,,,,,
1637,442.0,,,,,,,,,,,,,
199,697.0,215.0,216.0,1.0,"Newell, Miss. Madeleine",female,31.0,1.0,0.0,35273,113.275,D36,C,
1240,1440.0,841.0,,,,,,,,,,,,
1030,1125.0,302.0,,,,,,,,,,,,
820,652.0,567.0,568.0,3.0,"Palsson, Mrs. Nils (Alma Cornelia Berglund)",female,29.0,0.0,4.0,349909,21.075,,S,
1274,194.0,51.0,52.0,3.0,"Nosworthy, Mr. Richard Cater",male,21.0,0.0,0.0,A/4. 39886,7.8,,S,
1973,693.0,,,,,,,,,,,,,
428,882.0,757.0,,,,,,,,,,,,
2362,837.0,,,,,,,,,,,,,
450,203.0,306.0,307.0,1.0,"Fleming, Miss. Margaret",female,,0.0,0.0,17421,110.8833,,C,
647,355.0,13.0,14.0,3.0,"Andersson, Mr. Anders Johan",male,39.0,1.0,5.0,347082,31.275,,S,
1960,72.0,,,,,,,,,,,,,
548,666.0,31.0,32.0,1.0,"Spencer, Mrs. William Augustus (Marie Eugenie)",female,,1.0,0.0,PC 17569,146.5208,B78,C,
346,1540.0,624.0,,,,,,,,,,,,
2715,194.0,,,,,,,,,,,,,
781,1140.0,386.0,,,,,,,,,,,,
2311,744.0,,,,,,,,,,,,,
2656,405.0,,,,,,,,,,,,,
570,1183.0,226.0,,,,,,,,,,,,
2236,32.0,,,,,,,,,,,,,
1014,504.0,712.0,713.0,1.0,"Taylor, Mr. Elmer Zebley",male,48.0,1.0,0.0,19996,52.0,C126,S,
52,997.0,313.0,,,,,,,,,,,,
1778,838.0,,,,,,,,,,,,,
679,34.0,404.0,405.0,3.0,"Oreskovic, Miss. Marija",female,20.0,0.0,0.0,315096,8.6625,,S,
2268,382.0,,,,,,,,,,,,,
2392,1480.0,,,,,,,,,,,,,
1214,38.0,508.0,509.0,3.0,"Olsen, Mr. Henry Margido",male,28.0,0.0,0.0,C 4001,22.525,,S,
1815,413.0,,,,,,,,,,,,,
547,1519.0,408.0,,,,,,,,,,,,
1334,195.0,76.0,77.0,3.0,"Staneff, Mr. Ivan",male,,0.0,0.0,349208,7.8958,,S,
806,116.0,171.0,172.0,3.0,"Rice, Master. Arthur",male,4.0,4.0,1.0,382652,29.125,,Q,
1875,177.0,,,,,,,,,,,,,
952,348.0,855.0,856.0,3.0,"Aks, Mrs. Sam (Leah Rosen)",female,18.0,0.0,1.0,392091,9.35,,S,
1662,1451.0,,,,,,,,,,,,,
1584,1439.0,,,,,,,,,,,,,
2522,1113.0,,,,,,,,,,,,,
759,1458.0,75.0,,,,,,,,,,,,
727,46.0,531.0,532.0,3.0,"Toufik, Mr. Nakli",male,,0.0,0.0,2641,7.2292,,C,
246,1086.0,189.0,,,,,,,,,,,,
1633,1189.0,,,,,,,,,,,,,
2119,1324.0,,,,,,,,,,,,,
1916,715.0,,,,,,,,,,,,,
2009,75.0,,,,,,,,,,,,,
1295,368.0,161.0,162.0,2.0,"Watt, Mrs. James (Elizabeth ""Bessie"" Inglis Milne)",female,40.0,0.0,0.0,C.A. 33595,15.75,,S,
2151,770.0,,,,,,,,,,,,,
2670,1374.0,,,,,,,,,,,,,
1577,1588.0,,,,,,,,,,,,,
287,934.0,681.0,,,,,,,,,,,,
2809,80.0,,,,,,,,,,,,,
2695,370.0,,,,,,,,,,,,,
2200,1458.0,,,,,,,,,,,,,
1251,796.0,112.0,113.0,3.0,"Barton, Mr. David John",male,22.0,0.0,0.0,324669,8.05,,S,
639,1179.0,515.0,,,,,,,,,,,,
2085,1559.0,,,,,,,,,,,,,
2751,1359.0,,,,,,,,,,,,,
1031,1537.0,711.0,,,,,,,,,,,,
1038,1309.0,885.0,,,,,,,,,,,,
14,1195.0,27.0,,,,,,,,,,,,
1110,862.0,849.0,,,,,,,,,,,,
2662,1191.0,,,,,,,,,,,,,
2612,433.0,,,,,,,,,,,,,
1333,465.0,28.0,29.0,3.0,"O'Dwyer, Miss. Ellen ""Nellie""",female,,0.0,0.0,330959,7.8792,,Q,
978,936.0,153.0,,,,,,,,,,,,
1352,135.0,153.0,154.0,3.0,"van Billiard, Mr. Austin Blyler",male,40.5,0.0,2.0,A/5. 851,14.5,,S,
2531,635.0,,,,,,,,,,,,,
458,1392.0,168.0,,,,,,,,,,,,
479,201.0,730.0,731.0,1.0,"Allen, Miss. Elisabeth Walton",female,29.0,0.0,0.0,24160,211.3375,B5,S,
1800,1435.0,,,,,,,,,,,,,
317,36.0,453.0,454.0,1.0,"Goldenberg, Mr. Samuel L",male,49.0,1.0,0.0,17453,89.1042,C92,C,
494,520.0,760.0,761.0,3.0,"Garfirth, Mr. John",male,,0.0,0.0,358585,14.5,,S,
800,310.0,148.0,149.0,2.0,"Navratil, Mr. Michel (""Louis M Hoffman"")",male,36.5,0.0,2.0,230080,26.0,F2,S,
1940,1185.0,,,,,,,,,,,,,
2538,826.0,,,,,,,,,,,,,
1665,806.0,,,,,,,,,,,,,
2021,1048.0,,,,,,,,,,,,,
852,578.0,72.0,73.0,2.0,"Hood, Mr. Ambrose Jr",male,21.0,0.0,0.0,S.O.C. 14879,73.5,,S,
2220,1444.0,,,,,,,,,,,,,
1569,1000.0,,,,,,,,,,,,,
1341,871.0,340.0,,,,,,,,,,,,
1947,84.0,,,,,,,,,,,,,
533,516.0,206.0,207.0,3.0,"Backstrom, Mr. Karl Alfred",male,32.0,1.0,0.0,3101278,15.85,,S,
2322,1114.0,,,,,,,,,,,,,
1281,1218.0,882.0,,,,,,,,,,,,
1949,483.0,,,,,,,,,,,,,
77,103.0,890.0,891.0,3.0,"Dooley, Mr. Patrick",male,32.0,0.0,0.0,370376,7.75,,Q,
2006,682.0,,,,,,,,,,,,,
139,1028.0,590.0,,,,,,,,,,,,
100,1364.0,78.0,,,,,,,,,,,,
2066,8.0,,,,,,,,,,,,,
1959,510.0,,,,,,,,,,,,,
1256,740.0,80.0,81.0,3.0,"Waelens, Mr. Achille",male,22.0,0.0,0.0,345767,9.0,,S,
200,231.0,506.0,507.0,2.0,"Quick, Mrs. Frederick Charles (Jane Richards)",female,33.0,0.0,2.0,26360,26.0,,S,
980,863.0,405.0,,,,,,,,,,,,
1628,1343.0,,,,,,,,,,,,,
1428,825.0,269.0,,,,,,,,,,,,
1164,988.0,254.0,,,,,,,,,,,,
1734,118.0,,,,,,,,,,,,,
1479,225.0,,,,,,,,,,,,,
1954,268.0,,,,,,,,,,,,,
2401,150.0,,,,,,,,,,,,,
1753,149.0,,,,,,,,,,,,,
1784,753.0,,,,,,,,,,,,,
2843,1342.0,,,,,,,,,,,,,
505,1107.0,203.0,,,,,,,,,,,,
443,1536.0,245.0,,,,,,,,,,,,
1400,961.0,183.0,,,,,,,,,,,,
1924,1199.0,,,,,,,,,,,,,
2213,931.0,,,,,,,,,,,,,
2038,21.0,,,,,,,,,,,,,
2341,1197.0,,,,,,,,,,,,,
73,658.0,141.0,142.0,3.0,"Nysten, Miss. Anna Sofia",female,22.0,0.0,0.0,347081,7.75,,S,
1027,896.0,510.0,,,,,,,,,,,,
694,866.0,678.0,,,,,,,,,,,,
1081,1113.0,661.0,,,,,,,,,,,,
80,141.0,150.0,151.0,2.0,"Bateman, Rev. Robert James",male,51.0,0.0,0.0,S.O.P. 1166,12.525,,S,
768,887.0,576.0,,,,,,,,,,,,
2040,1235.0,,,,,,,,,,,,,
1799,1423.0,,,,,,,,,,,,,
1926,1252.0,,,,,,,,,,,,,
1369,1131.0,560.0,,,,,,,,,,,,
274,1016.0,546.0,,,,,,,,,,,,
194,408.0,223.0,224.0,3.0,"Nenkoff, Mr. Christo",male,,0.0,0.0,349234,7.8958,,S,
1443,1231.0,,,,,,,,,,,,,
793,1082.0,298.0,,,,,,,,,,,,
576,1397.0,42.0,,,,,,,,,,,,
1331,1206.0,330.0,,,,,,,,,,,,
937,1316.0,455.0,,,,,,,,,,,,
1381,1176.0,270.0,,,,,,,,,,,,
1186,1143.0,799.0,,,,,,,,,,,,
363,378.0,515.0,516.0,1.0,"Walker, Mr. William Anderson",male,47.0,0.0,0.0,36967,34.0208,D46,S,
2520,966.0,,,,,,,,,,,,,
2764,924.0,,,,,,,,,,,,,
2745,123.0,,,,,,,,,,,,,
1222,1400.0,29.0,,,,,,,,,,,,
228,317.0,520.0,521.0,1.0,"Perreault, Miss. Anne",female,30.0,0.0,0.0,12749,93.5,B73,S,
986,1227.0,452.0,,,,,,,,,,,,
1529,1163.0,,,,,,,,,,,,,
2290,794.0,,,,,,,,,,,,,
2874,1591.0,,,,,,,,,,,,,
2744,1033.0,,,,,,,,,,,,,
2735,315.0,,,,,,,,,,,,,
2534,436.0,,,,,,,,,,,,,
965,1204.0,734.0,,,,,,,,,,,,
1177,1056.0,394.0,,,,,,,,,,,,
2484,804.0,,,,,,,,,,,,,
750,1482.0,92.0,,,,,,,,,,,,
1846,1586.0,,,,,,,,,,,,,
1358,775.0,710.0,711.0,1.0,"Mayne, Mlle. Berthe Antonine (""Mrs de Villiers"")",female,24.0,0.0,0.0,PC 17482,49.5042,C90,C,
1691,1284.0,,,,,,,,,,,,,
1868,190.0,,,,,,,,,,,,,
2258,942.0,,,,,,,,,,,,,
2416,417.0,,,,,,,,,,,,,
1995,1091.0,,,,,,,,,,,,,
2813,713.0,,,,,,,,,,,,,
330,376.0,635.0,636.0,2.0,"Davis, Miss. Mary",female,28.0,0.0,0.0,237668,13.0,,S,
2581,1556.0,,,,,,,,,,,,,
2775,195.0,,,,,,,,,,,,,
1893,1469.0,,,,,,,,,,,,,
1789,142.0,,,,,,,,,,,,,
1827,848.0,,,,,,,,,,,,,
1253,59.0,53.0,54.0,2.0,"Faunthorpe, Mrs. Lizzie (Elizabeth Anne Wilkinson)",female,29.0,1.0,0.0,2926,26.0,,S,
2667,487.0,,,,,,,,,,,,,
2315,729.0,,,,,,,,,,,,,
1285,1044.0,204.0,,,,,,,,,,,,
355,1145.0,881.0,,,,,,,,,,,,
2570,668.0,,,,,,,,,,,,,
1328,1097.0,539.0,,,,,,,,,,,,
2117,320.0,,,,,,,,,,,,,
2511,1360.0,,,,,,,,,,,,,
2653,1153.0,,,,,,,,,,,,,
1865,1555.0,,,,,,,,,,,,,
1232,1234.0,645.0,,,,,,,,,,,,
432,1506.0,790.0,,,,,,,,,,,,
553,925.0,717.0,,,,,,,,,,,,
2234,1082.0,,,,,,,,,,,,,
219,886.0,637.0,,,,,,,,,,,,
2448,771.0,,,,,,,,,,,,,
1537,865.0,,,,,,,,,,,,,
1836,1436.0,,,,,,,,,,,,,
2532,646.0,,,,,,,,,,,,,
1779,1507.0,,,,,,,,,,,,,
67,623.0,844.0,845.0,3.0,"Culumovic, Mr. Jeso",male,17.0,0.0,0.0,315090,8.6625,,S,
1421,1139.0,2.0,,,,,,,,,,,,
1129,668.0,402.0,403.0,3.0,"Jussila, Miss. Mari Aina",female,21.0,1.0,0.0,4137,9.825,,S,
2619,618.0,,,,,,,,,,,,,
1751,1049.0,,,,,,,,,,,,,
2082,325.0,,,,,,,,,,,,,
934,764.0,726.0,727.0,2.0,"Renouf, Mrs. Peter Henry (Lillian Jefferys)",female,30.0,3.0,0.0,31027,21.0,,S,
13,458.0,4.0,5.0,3.0,"Allen, Mr. William Henry",male,35.0,0.0,0.0,373450,8.05,,S,
2833,1243.0,,,,,,,,,,,,,
954,822.0,428.0,,,,,,,,,,,,
122,88.0,533.0,534.0,3.0,"Peter, Mrs. Catherine (Catherine Rizk)",female,,0.0,2.0,2668,22.3583,,C,
2303,1269.0,,,,,,,,,,,,,
2408,346.0,,,,,,,,,,,,,
1764,387.0,,,,,,,,,,,,,
238,292.0,303.0,304.0,2.0,"Keane, Miss. Nora A",female,,0.0,0.0,226593,12.35,E101,Q,
775,285.0,189.0,190.0,3.0,"Turcin, Mr. Stjepan",male,36.0,0.0,0.0,349247,7.8958,,S,
809,472.0,181.0,182.0,2.0,"Pernot, Mr. Rene",male,,0.0,0.0,SC/PARIS 2131,15.05,,C,
186,298.0,184.0,185.0,3.0,"Kink-Heilmann, Miss. Luise Gretchen",female,4.0,0.0,2.0,315153,22.025,,S,
2688,184.0,,,,,,,,,,,,,
54,289.0,97.0,98.0,1.0,"Greenfield, Mr. William Bertram",male,23.0,0.0,1.0,PC 17759,63.3583,D10 D12,C,
1062,461.0,507.0,508.0,1.0,"Bradley, Mr. George (""George Arthur Brayton"")",male,,0.0,0.0,111427,26.55,,S,
987,1123.0,869.0,,,,,,,,,,,,
2555,1350.0,,,,,,,,,,,,,
2274,218.0,,,,,,,,,,,,,
1152,37.0,571.0,572.0,1.0,"Appleton, Mrs. Edward Dale (Charlotte Lamson)",female,53.0,2.0,0.0,11769,51.4792,C101,S,
507,1209.0,223.0,,,,,,,,,,,,
1217,1575.0,355.0,,,,,,,,,,,,
895,908.0,658.0,,,,,,,,,,,,
536,1361.0,331.0,,,,,,,,,,,,
1948,1209.0,,,,,,,,,,,,,
318,746.0,524.0,525.0,3.0,"Kassem, Mr. Fared",male,,0.0,0.0,2700,7.2292,,C,
654,321.0,705.0,706.0,2.0,"Morley, Mr. Henry Samuel (""Mr Henry Marshall"")",male,39.0,0.0,0.0,250655,26.0,,S,
2121,628.0,,,,,,,,,,,,,
2580,1429.0,,,,,,,,,,,,,
1096,223.0,736.0,737.0,3.0,"Ford, Mrs. Edward (Margaret Ann Watson)",female,48.0,1.0,3.0,W./C. 6608,34.375,,S,
1500,1168.0,,,,,,,,,,,,,
1052,258.0,697.0,698.0,3.0,"Mullens, Miss. Katherine ""Katie""",female,,0.0,0.0,35852,7.7333,,Q,
2431,90.0,,,,,,,,,,,,,
2631,1159.0,,,,,,,,,,,,,
722,791.0,457.0,458.0,1.0,"Kenyon, Mrs. Frederick R (Marion)",female,,1.0,0.0,17464,51.8625,D21,S,
2811,1570.0,,,,,,,,,,,,,
874,729.0,777.0,778.0,3.0,"Emanuel, Miss. Virginia Ethel",female,5.0,0.0,0.0,364516,12.475,,S,
877,1587.0,108.0,,,,,,,,,,,,
1484,671.0,,,,,,,,,,,,,
4,959.0,312.0,,,,,,,,,,,,
151,1174.0,335.0,,,,,,,,,,,,
2239,41.0,,,,,,,,,,,,,
1231,1407.0,186.0,,,,,,,,,,,,
1123,2.0,17.0,18.0,2.0,"Williams, Mr. Charles Eugene",male,,0.0,0.0,244373,13.0,,S,
2687,86.0,,,,,,,,,,,,,
814,391.0,152.0,153.0,3.0,"Meo, Mr. Alfonzo",male,55.5,0.0,0.0,A.5. 11206,8.05,,S,
2179,1132.0,,,,,,,,,,,,,
2360,855.0,,,,,,,,,,,,,
26,78.0,783.0,784.0,3.0,"Johnston, Mr. Andrew G",male,,1.0,2.0,W./C. 6607,23.45,,S,
157,1042.0,409.0,,,,,,,,,,,,
23,1031.0,427.0,,,,,,,,,,,,
2834,670.0,,,,,,,,,,,,,
935,174.0,716.0,717.0,1.0,"Endres, Miss. Caroline Louise",female,38.0,0.0,0.0,PC 17757,227.525,C45,C,
2404,1018.0,,,,,,,,,,,,,
1574,1301.0,,,,,,,,,,,,,
2025,256.0,,,,,,,,,,,,,
632,1268.0,638.0,,,,,,,,,,,,
637,631.0,574.0,575.0,3.0,"Rush, Mr. Alfred George John",male,16.0,0.0,0.0,A/4. 20589,8.05,,S,
2518,1129.0,,,,,,,,,,,,,
1998,393.0,,,,,,,,,,,,,
755,1026.0,220.0,,,,,,,,,,,,
2379,660.0,,,,,,,,,,,,,
1204,1079.0,883.0,,,,,,,,,,,,
1237,907.0,868.0,,,,,,,,,,,,
1280,185.0,889.0,890.0,1.0,"Behr, Mr. Karl Howell",male,26.0,0.0,0.0,111369,30.0,C148,C,
2644,506.0,,,,,,,,,,,,,
84,322.0,869.0,870.0,3.0,"Johnson, Master. Harold Theodor",male,4.0,1.0,1.0,347742,11.1333,,S,
169,380.0,866.0,867.0,2.0,"Duran y More, Miss. Asuncion",female,27.0,1.0,0.0,SC/PARIS 2149,13.8583,,C,
924,168.0,541.0,542.0,3.0,"Andersson, Miss. Ingeborg Constanzia",female,9.0,4.0,2.0,347082,31.275,,S,
641,325.0,15.0,16.0,2.0,"Hewlett, Mrs. (Mary D Kingcome) ",female,55.0,0.0,0.0,248706,16.0,,S,
235,1067.0,879.0,,,,,,,,,,,,
504,513.0,235.0,236.0,3.0,"Harknett, Miss. Alice Phoebe",female,,0.0,0.0,W./C. 6609,7.55,,S,
538,574.0,682.0,683.0,3.0,"Olsvigen, Mr. Thor Anderson",male,20.0,0.0,0.0,6563,9.225,,S,
501,952.0,325.0,,,,,,,,,,,,
671,802.0,490.0,,,,,,,,,,,,
1131,1242.0,213.0,,,,,,,,,,,,
929,499.0,349.0,350.0,3.0,"Dimic, Mr. Jovan",male,42.0,0.0,0.0,315088,8.6625,,S,
2445,1416.0,,,,,,,,,,,,,
1249,928.0,523.0,,,,,,,,,,,,
273,1346.0,277.0,,,,,,,,,,,,
364,374.0,670.0,671.0,2.0,"Brown, Mrs. Thomas William Solomon (Elizabeth Catherine Ford)",female,40.0,1.0,1.0,29750,39.0,,S,
689,1528.0,418.0,,,,,,,,,,,,
442,457.0,286.0,287.0,3.0,"de Mulder, Mr. Theodore",male,30.0,0.0,0.0,345774,9.5,,S,
2129,932.0,,,,,,,,,,,,,
1589,1479.0,,,,,,,,,,,,,
383,923.0,227.0,,,,,,,,,,,,
2443,702.0,,,,,,,,,,,,,
1128,1383.0,814.0,,,,,,,,,,,,
473,548.0,396.0,397.0,3.0,"Olsson, Miss. Elina",female,31.0,0.0,0.0,350407,7.8542,,S,
2217,435.0,,,,,,,,,,,,,
201,1071.0,774.0,,,,,,,,,,,,
2135,866.0,,,,,,,,,,,,,
1715,1016.0,,,,,,,,,,,,,
182,1021.0,700.0,,,,,,,,,,,,
799,1170.0,808.0,,,,,,,,,,,,
104,375.0,270.0,271.0,1.0,"Cairns, Mr. Alexander",male,,0.0,0.0,113798,31.0,,S,
1167,1148.0,71.0,,,,,,,,,,,,
974,879.0,783.0,,,,,,,,,,,,
1694,824.0,,,,,,,,,,,,,
1863,805.0,,,,,,,,,,,,,
1187,1368.0,847.0,,,,,,,,,,,,
2046,511.0,,,,,,,,,,,,,
2829,987.0,,,,,,,,,,,,,
256,921.0,295.0,,,,,,,,,,,,
1870,35.0,,,,,,,,,,,,,
132,538.0,419.0,420.0,3.0,"Van Impe, Miss. Catharina",female,10.0,0.0,2.0,345773,24.15,,S,
575,1087.0,704.0,,,,,,,,,,,,
2793,135.0,,,,,,,,,,,,,
1228,778.0,43.0,44.0,2.0,"Laroche, Miss. Simonne Marie Anne Andree",female,3.0,1.0,2.0,SC/Paris 2123,41.5792,,C,
1296,1411.0,190.0,,,,,,,,,,,,
884,1182.0,744.0,,,,,,,,,,,,
2096,619.0,,,,,,,,,,,,,
1105,1499.0,360.0,,,,,,,,,,,,
2743,1495.0,,,,,,,,,,,,,
50,229.0,873.0,874.0,3.0,"Vander Cruyssen, Mr. Victor",male,47.0,0.0,0.0,345765,9.0,,S,
1085,800.0,581.0,582.0,1.0,"Thayer, Mrs. John Borland (Marian Longstreth Morris)",female,39.0,1.0,1.0,17421,110.8833,C68,C,
600,1214.0,363.0,,,,,,,,,,,,
1701,425.0,,,,,,,,,,,,,
237,1532.0,511.0,,,,,,,,,,,,
1133,1162.0,627.0,,,,,,,,,,,,
2062,1430.0,,,,,,,,,,,,,
269,1146.0,241.0,,,,,,,,,,,,
1851,1030.0,,,,,,,,,,,,,
676,320.0,103.0,104.0,3.0,"Johansson, Mr. Gustaf Joel",male,33.0,0.0,0.0,7540,8.6542,,S,
332,1389.0,411.0,,,,,,,,,,,,
2150,101.0,,,,,,,,,,,,,
845,1341.0,871.0,,,,,,,,,,,,
414,491.0,36.0,37.0,3.0,"Mamee, Mr. Hanna",male,,0.0,0.0,2677,7.2292,,C,
876,1207.0,125.0,,,,,,,,,,,,
939,512.0,176.0,177.0,3.0,"Lefebre, Master. Henry Forbes",male,,3.0,1.0,4133,25.4667,,S,
2643,302.0,,,,,,,,,,,,,
2760,1253.0,,,,,,,,,,,,,
695,428.0,447.0,448.0,1.0,"Seward, Mr. Frederic Kimber",male,34.0,0.0,0.0,113794,26.55,,S,
1775,591.0,,,,,,,,,,,,,
1284,598.0,49.0,50.0,3.0,"Arnold-Franchi, Mrs. Josef (Josefine Franchi)",female,18.0,1.0,0.0,349237,17.8,,S,
2339,929.0,,,,,,,,,,,,,
1490,540.0,,,,,,,,,,,,,
188,1137.0,281.0,,,,,,,,,,,,
2455,504.0,,,,,,,,,,,,,
2225,537.0,,,,,,,,,,,,,
1842,1597.0,,,,,,,,,,,,,
2248,93.0,,,,,,,,,,,,,
2300,493.0,,,,,,,,,,,,,
2496,1437.0,,,,,,,,,,,,,
1685,15.0,,,,,,,,,,,,,
41,1283.0,395.0,,,,,,,,,,,,
2210,1447.0,,,,,,,,,,,,,
2590,291.0,,,,,,,,,,,,,
2791,82.0,,,,,,,,,,,,,
1626,1321.0,,,,,,,,,,,,,
857,1080.0,860.0,,,,,,,,,,,,
2480,197.0,,,,,,,,,,,,,
2568,1135.0,,,,,,,,,,,,,
463,79.0,467.0,468.0,1.0,"Smart, Mr. John Montgomery",male,56.0,0.0,0.0,113792,26.55,,S,
2805,412.0,,,,,,,,,,,,,
1759,746.0,,,,,,,,,,,,,
174,1006.0,500.0,,,,,,,,,,,,
1142,606.0,186.0,187.0,3.0,"O'Brien, Mrs. Thomas (Johanna ""Hannah"" Godfrey)",female,,1.0,0.0,370365,15.5,,Q,
1012,530.0,474.0,475.0,3.0,"Strandberg, Miss. Ida Sofia",female,22.0,0.0,0.0,7553,9.8375,,S,
88,1163.0,747.0,,,,,,,,,,,,
1549,734.0,,,,,,,,,,,,,
323,387.0,521.0,522.0,3.0,"Vovk, Mr. Janko",male,22.0,0.0,0.0,349252,7.8958,,S,
1562,782.0,,,,,,,,,,,,,
530,1015.0,285.0,,,,,,,,,,,,
384,476.0,242.0,243.0,2.0,"Coleridge, Mr. Reginald Charles",male,29.0,0.0,0.0,W./C. 14263,10.5,,S,
1255,1348.0,252.0,,,,,,,,,,,,
1697,921.0,,,,,,,,,,,,,
352,978.0,361.0,,,,,,,,,,,,
1362,108.0,169.0,170.0,3.0,"Ling, Mr. Lee",male,28.0,0.0,0.0,1601,56.4958,,S,
103,427.0,432.0,433.0,2.0,"Louch, Mrs. Charles Alexander (Alice Adelaide Slow)",female,42.0,1.0,0.0,SC/AH 3085,26.0,,S,
911,480.0,300.0,301.0,3.0,"Kelly, Miss. Anna Katherine ""Annie Kate""",female,,0.0,0.0,9234,7.75,,Q,
953,363.0,3.0,4.0,1.0,"Futrelle, Mrs. Jacques Heath (Lily May Peel)",female,35.0,1.0,0.0,113803,53.1,C123,S,
2509,191.0,,,,,,,,,,,,,
1032,875.0,128.0,,,,,,,,,,,,
2133,162.0,,,,,,,,,,,,,
2602,328.0,,,,,,,,,,,,,
1956,632.0,,,,,,,,,,,,,
2701,1001.0,,,,,,,,,,,,,
1918,869.0,,,,,,,,,,,,,
2045,672.0,,,,,,,,,,,,,
2486,244.0,,,,,,,,,,,,,
626,373.0,335.0,336.0,3.0,"Denkoff, Mr. Mitto",male,,0.0,0.0,349225,7.8958,,S,
2727,1118.0,,,,,,,,,,,,,
1567,1315.0,,,,,,,,,,,,,
1480,769.0,,,,,,,,,,,,,
2585,1452.0,,,,,,,,,,,,,
2773,760.0,,,,,,,,,,,,,
1080,1100.0,24.0,,,,,,,,,,,,
752,1264.0,545.0,,,,,,,,,,,,
24,1363.0,424.0,,,,,,,,,,,,
1600,1098.0,,,,,,,,,,,,,
1927,60.0,,,,,,,,,,,,,
1908,1303.0,,,,,,,,,,,,,
29,477.0,393.0,394.0,1.0,"Newell, Miss. Marjorie",female,23.0,1.0,0.0,35273,113.275,D36,C,
3,372.0,459.0,460.0,3.0,"O'Connor, Mr. Maurice",male,,0.0,0.0,371060,7.75,,Q,
1670,159.0,,,,,,,,,,,,,
985,1513.0,185.0,,,,,,,,,,,,
1275,766.0,695.0,696.0,2.0,"Chapman, Mr. Charles Henry",male,52.0,0.0,0.0,248731,13.5,,S,
1035,106.0,868.0,869.0,3.0,"van Melkebeke, Mr. Philemon",male,,0.0,0.0,345777,9.5,,S,
660,762.0,284.0,285.0,1.0,"Smith, Mr. Richard William",male,,0.0,0.0,113056,26.0,A19,S,
1512,1521.0,,,,,,,,,,,,,
233,781.0,631.0,632.0,3.0,"Lundahl, Mr. Johan Svensson",male,51.0,0.0,0.0,347743,7.0542,,S,
901,960.0,180.0,,,,,,,,,,,,
1558,107.0,,,,,,,,,,,,,
904,522.0,333.0,334.0,3.0,"Vander Planke, Mr. Leo Edmondus",male,16.0,2.0,0.0,345764,18.0,,S,
1205,323.0,769.0,770.0,3.0,"Gronnestad, Mr. Daniel Danielsen",male,32.0,0.0,0.0,8471,8.3625,,S,
1659,549.0,,,,,,,,,,,,,
1464,1031.0,,,,,,,,,,,,,
1978,95.0,,,,,,,,,,,,,
1070,1360.0,470.0,,,,,,,,,,,,
717,1471.0,314.0,,,,,,,,,,,,
636,1287.0,526.0,,,,,,,,,,,,
2073,1268.0,,,,,,,,,,,,,
2106,254.0,,,,,,,,,,,,,
998,175.0,338.0,339.0,3.0,"Dahl, Mr. Karl Edwart",male,45.0,0.0,0.0,7598,8.05,,S,
2079,752.0,,,,,,,,,,,,,
1969,576.0,,,,,,,,,,,,,
1638,1205.0,,,,,,,,,,,,,
597,21.0,428.0,429.0,3.0,"Flynn, Mr. James",male,,0.0,0.0,364851,7.75,,Q,
2600,319.0,,,,,,,,,,,,,
2228,344.0,,,,,,,,,,,,,
2208,180.0,,,,,,,,,,,,,
2080,1179.0,,,,,,,,,,,,,
956,1460.0,8.0,,,,,,,,,,,,
2849,445.0,,,,,,,,,,,,,
2176,334.0,,,,,,,,,,,,,
2785,1036.0,,,,,,,,,,,,,
1643,1413.0,,,,,,,,,,,,,
2016,1087.0,,,,,,,,,,,,,
1143,207.0,835.0,836.0,1.0,"Compton, Miss. Sara Rebecca",female,39.0,1.0,1.0,PC 17756,83.1583,E49,C,
2042,529.0,,,,,,,,,,,,,
2088,355.0,,,,,,,,,,,,,
1522,1414.0,,,,,,,,,,,,,
1053,583.0,353.0,354.0,3.0,"Arnold-Franchi, Mr. Josef",male,25.0,1.0,0.0,349237,17.8,,S,
2018,243.0,,,,,,,,,,,,,
2426,1513.0,,,,,,,,,,,,,
1354,1263.0,207.0,,,,,,,,,,,,
72,411.0,857.0,858.0,1.0,"Daly, Mr. Peter Denis ",male,51.0,0.0,0.0,113055,26.55,E17,S,
290,846.0,834.0,,,,,,,,,,,,
2774,465.0,,,,,,,,,,,,,
2848,1254.0,,,,,,,,,,,,,
190,485.0,538.0,539.0,3.0,"Risien, Mr. Samuel Beard",male,,0.0,0.0,364498,14.5,,S,
1103,1593.0,504.0,,,,,,,,,,,,
1571,58.0,,,,,,,,,,,,,
62,11.0,191.0,192.0,2.0,"Carbines, Mr. William",male,19.0,0.0,0.0,28424,13.0,,S,
2155,798.0,,,,,,,,,,,,,
1230,1130.0,263.0,,,,,,,,,,,,
540,1096.0,442.0,,,,,,,,,,,,
2832,464.0,,,,,,,,,,,,,
140,842.0,589.0,,,,,,,,,,,,
2436,306.0,,,,,,,,,,,,,
2254,1286.0,,,,,,,,,,,,,
2166,759.0,,,,,,,,,,,,,
321,797.0,689.0,690.0,1.0,"Madill, Miss. Georgette Alexandra",female,15.0,0.0,1.0,24160,211.3375,B5,S,
1190,1159.0,458.0,,,,,,,,,,,,
912,264.0,391.0,392.0,3.0,"Jansson, Mr. Carl Olof",male,21.0,0.0,0.0,350034,7.7958,,S,
2537,223.0,,,,,,,,,,,,,
1170,257.0,484.0,485.0,1.0,"Bishop, Mr. Dickinson H",male,25.0,1.0,0.0,11967,91.0792,B49,C,
1732,1485.0,,,,,,,,,,,,,
325,1188.0,521.0,,,,,,,,,,,,
2646,323.0,,,,,,,,,,,,,
1305,642.0,255.0,256.0,3.0,"Touma, Mrs. Darwis (Hanne Youssef Razi)",female,29.0,0.0,2.0,2650,15.2458,,C,
1474,751.0,,,,,,,,,,,,,
348,142.0,558.0,559.0,1.0,"Taussig, Mrs. Emil (Tillie Mandelbaum)",female,39.0,1.0,1.0,110413,79.65,E67,S,
1422,311.0,380.0,381.0,1.0,"Bidois, Miss. Rosalie",female,42.0,0.0,0.0,PC 17757,227.525,,C,
1016,918.0,93.0,,,,,,,,,,,,
1663,33.0,,,,,,,,,,,,,
1252,409.0,105.0,106.0,3.0,"Mionoff, Mr. Stoytcho",male,28.0,0.0,0.0,349207,7.8958,,S,
2223,902.0,,,,,,,,,,,,,
960,150.0,719.0,720.0,3.0,"Johnson, Mr. Malkolm Joackim",male,33.0,0.0,0.0,347062,7.775,,S,
295,615.0,109.0,110.0,3.0,"Moran, Miss. Bertha",female,,1.0,0.0,371110,24.15,,Q,
810,139.0,853.0,854.0,1.0,"Lines, Miss. Mary Conover",female,16.0,0.0,1.0,PC 17592,39.4,D28,S,
2348,96.0,,,,,,,,,,,,,
47,30.0,437.0,438.0,2.0,"Richards, Mrs. Sidney (Emily Hocking)",female,24.0,2.0,3.0,29106,18.75,,S,
1709,705.0,,,,,,,,,,,,,
138,1475.0,746.0,,,,,,,,,,,,
299,544.0,610.0,611.0,3.0,"Andersson, Mrs. Anders Johan (Alfrida Konstantia Brogren)",female,39.0,1.0,5.0,347082,31.275,,S,
1781,938.0,,,,,,,,,,,,,
1389,287.0,818.0,819.0,3.0,"Holm, Mr. John Fredrik Alexander",male,43.0,0.0,0.0,C 7075,6.45,,S,
1291,1122.0,705.0,,,,,,,,,,,,
2645,1079.0,,,,,,,,,,,,,
2207,484.0,,,,,,,,,,,,,
829,611.0,311.0,312.0,1.0,"Ryerson, Miss. Emily Borie",female,18.0,2.0,2.0,PC 17608,262.375,B57 B59 B63 B66,C,
698,414.0,54.0,55.0,1.0,"Ostby, Mr. Engelhart Cornelius",male,65.0,0.0,1.0,113509,61.9792,B30,C,
2289,1427.0,,,,,,,,,,,,,
577,243.0,204.0,205.0,3.0,"Cohen, Mr. Gurshon ""Gus""",male,18.0,0.0,0.0,A/5 3540,8.05,,S,
2605,988.0,,,,,,,,,,,,,
1078,712.0,185.0,186.0,1.0,"Rood, Mr. Hugh Roscoe",male,,0.0,0.0,113767,50.0,A32,S,
928,1345.0,610.0,,,,,,,,,,,,
2017,1397.0,,,,,,,,,,,,,
2524,950.0,,,,,,,,,,,,,
483,1199.0,278.0,,,,,,,,,,,,
2679,709.0,,,,,,,,,,,,,
2403,909.0,,,,,,,,,,,,,
1639,1454.0,,,,,,,,,,,,,
2625,1415.0,,,,,,,,,,,,,
2435,587.0,,,,,,,,,,,,,
474,1104.0,564.0,,,,,,,,,,,,
1612,278.0,,,,,,,,,,,,,
1864,212.0,,,,,,,,,,,,,
1748,1186.0,,,,,,,,,,,,,
1720,309.0,,,,,,,,,,,,,
1702,1202.0,,,,,,,,,,,,,
609,559.0,470.0,471.0,3.0,"Keefe, Mr. Arthur",male,,0.0,0.0,323592,7.25,,S,
1505,1445.0,,,,,,,,,,,,,
1277,1271.0,877.0,,,,,,,,,,,,
272,1017.0,16.0,,,,,,,,,,,,
1206,1516.0,572.0,,,,,,,,,,,,
2787,1011.0,,,,,,,,,,,,,
2307,1465.0,,,,,,,,,,,,,
2618,1056.0,,,,,,,,,,,,,
281,1009.0,487.0,,,,,,,,,,,,
1288,489.0,655.0,656.0,2.0,"Hickman, Mr. Leonard Mark",male,24.0,2.0,0.0,S.O.C. 14879,73.5,,S,
2467,1470.0,,,,,,,,,,,,,
2178,524.0,,,,,,,,,,,,,
2783,1477.0,,,,,,,,,,,,,
2177,680.0,,,,,,,,,,,,,
5,1092.0,264.0,,,,,,,,,,,,
2255,391.0,,,,,,,,,,,,,
2525,468.0,,,,,,,,,,,,,
1356,1387.0,309.0,,,,,,,,,,,,
48,1282.0,794.0,,,,,,,,,,,,
760,176.0,332.0,333.0,1.0,"Graham, Mr. George Edward",male,38.0,0.0,1.0,PC 17582,153.4625,C91,S,
1458,592.0,,,,,,,,,,,,,
1817,555.0,,,,,,,,,,,,,
2632,1446.0,,,,,,,,,,,,,
303,870.0,240.0,,,,,,,,,,,,
131,699.0,89.0,90.0,3.0,"Celotti, Mr. Francesco",male,24.0,0.0,0.0,343275,8.05,,S,
81,1414.0,480.0,,,,,,,,,,,,
2024,124.0,,,,,,,,,,,,,
786,1330.0,74.0,,,,,,,,,,,,
2237,214.0,,,,,,,,,,,,,
1322,1306.0,435.0,,,,,,,,,,,,
1854,1393.0,,,,,,,,,,,,,
2041,1214.0,,,,,,,,,,,,,
2033,1158.0,,,,,,,,,,,,,
1054,523.0,822.0,823.0,1.0,"Reuchlin, Jonkheer. John George",male,38.0,0.0,0.0,19972,0.0,,S,
298,233.0,202.0,203.0,3.0,"Johanson, Mr. Jakob Alfred",male,34.0,0.0,0.0,3101264,6.4958,,S,
334,591.0,168.0,169.0,1.0,"Baumann, Mr. John D",male,,0.0,0.0,PC 17318,25.925,,S,
1057,861.0,158.0,,,,,,,,,,,,
350,1354.0,703.0,,,,,,,,,,,,
1630,395.0,,,,,,,,,,,,,
406,112.0,482.0,483.0,3.0,"Rouse, Mr. Richard Henry",male,50.0,0.0,0.0,A/5 3594,8.05,,S,
1473,612.0,,,,,,,,,,,,,
1888,662.0,,,,,,,,,,,,,
453,1551.0,414.0,,,,,,,,,,,,
289,1329.0,842.0,,,,,,,,,,,,
91,147.0,188.0,189.0,3.0,"Bourke, Mr. John",male,40.0,1.0,1.0,364849,15.5,,Q,
2319,711.0,,,,,,,,,,,,,
2728,1376.0,,,,,,,,,,,,,
1578,245.0,,,,,,,,,,,,,
908,57.0,622.0,623.0,3.0,"Nakid, Mr. Sahid",male,20.0,1.0,1.0,2653,15.7417,,C,
886,1388.0,167.0,,,,,,,,,,,,
220,1111.0,148.0,,,,,,,,,,,,
1802,327.0,,,,,,,,,,,,,
1809,1398.0,,,,,,,,,,,,,
1991,145.0,,,,,,,,,,,,,
899,889.0,533.0,,,,,,,,,,,,
280,1334.0,140.0,,,,,,,,,,,,
17,592.0,491.0,492.0,3.0,"Windelov, Mr. Einar",male,21.0,0.0,0.0,SOTON/OQ 3101317,7.25,,S,
1349,765.0,20.0,21.0,2.0,"Fynney, Mr. Joseph J",male,35.0,0.0,0.0,239865,26.0,,S,
2716,766.0,,,,,,,,,,,,,
1004,1416.0,109.0,,,,,,,,,,,,
2109,1285.0,,,,,,,,,,,,,
2661,272.0,,,,,,,,,,,,,
1169,305.0,342.0,343.0,2.0,"Collander, Mr. Erik Gustaf",male,28.0,0.0,0.0,248740,13.0,,S,
2131,883.0,,,,,,,,,,,,,
2068,521.0,,,,,,,,,,,,,
1002,702.0,765.0,766.0,1.0,"Hogeboom, Mrs. John C (Anna Andrews)",female,51.0,1.0,0.0,13502,77.9583,D11,S,
2471,1125.0,,,,,,,,,,,,,
2617,986.0,,,,,,,,,,,,,
2417,501.0,,,,,,,,,,,,,
709,101.0,696.0,697.0,3.0,"Kelly, Mr. James",male,44.0,0.0,0.0,363592,8.05,,S,
74,1058.0,484.0,,,,,,,,,,,,
306,761.0,446.0,447.0,2.0,"Mellinger, Miss. Madeleine Violet",female,13.0,0.0,1.0,250644,19.5,,S,
2292,1248.0,,,,,,,,,,,,,
573,1300.0,349.0,,,,,,,,,,,,
1173,1073.0,86.0,,,,,,,,,,,,
1770,788.0,,,,,,,,,,,,,
2856,113.0,,,,,,,,,,,,,
1585,350.0,,,,,,,,,,,,,
2099,1292.0,,,,,,,,,,,,,
2637,1497.0,,,,,,,,,,,,,
2336,908.0,,,,,,,,,,,,,
2114,748.0,,,,,,,,,,,,,
1005,1600.0,770.0,,,,,,,,,,,,
1185,1450.0,773.0,,,,,,,,,,,,
1320,397.0,845.0,846.0,3.0,"Abbing, Mr. Anthony",male,42.0,0.0,0.0,C.A. 5547,7.55,,S,
2063,356.0,,,,,,,,,,,,,
1972,989.0,,,,,,,,,,,,,
2569,1383.0,,,,,,,,,,,,,
2731,1545.0,,,,,,,,,,,,,
1126,1601.0,581.0,,,,,,,,,,,,
658,1292.0,36.0,,,,,,,,,,,,
1117,1069.0,582.0,,,,,,,,,,,,
1311,940.0,853.0,,,,,,,,,,,,
398,1313.0,176.0,,,,,,,,,,,,
245,434.0,69.0,70.0,3.0,"Kink, Mr. Vincenz",male,26.0,2.0,0.0,315151,8.6625,,S,
2202,69.0,,,,,,,,,,,,,
2031,423.0,,,,,,,,,,,,,
725,759.0,55.0,56.0,1.0,"Woolner, Mr. Hugh",male,,0.0,0.0,19947,35.5,C52,S,
1556,56.0,,,,,,,,,,,,,
2786,563.0,,,,,,,,,,,,,
2702,629.0,,,,,,,,,,,,,
833,218.0,268.0,269.0,1.0,"Graham, Mrs. William Thompson (Edith Junkins)",female,58.0,0.0,1.0,PC 17582,153.4625,C125,S,
1625,610.0,,,,,,,,,,,,,
2008,688.0,,,,,,,,,,,,,
979,1224.0,674.0,,,,,,,,,,,,
856,68.0,653.0,654.0,3.0,"O'Leary, Miss. Hanora ""Norah""",female,,0.0,0.0,330919,7.8292,,Q,
1566,91.0,,,,,,,,,,,,,
779,1444.0,573.0,,,,,,,,,,,,
1679,292.0,,,,,,,,,,,,,
2650,1538.0,,,,,,,,,,,,,
1404,969.0,541.0,,,,,,,,,,,,
2044,995.0,,,,,,,,,,,,,
816,20.0,441.0,442.0,3.0,"Hampe, Mr. Leon",male,20.0,0.0,0.0,345769,9.5,,S,
2301,1533.0,,,,,,,,,,,,,
1060,1562.0,446.0,,,,,,,,,,,,
1234,553.0,703.0,704.0,3.0,"Gallagher, Mr. Martin",male,25.0,0.0,0.0,36864,7.7417,,Q,
27,85.0,637.0,638.0,2.0,"Collyer, Mr. Harvey",male,31.0,1.0,1.0,C.A. 31921,26.25,,S,
2120,34.0,,,,,,,,,,,,,
2788,1547.0,,,,,,,,,,,,,
1340,1076.0,874.0,,,,,,,,,,,,
2567,1601.0,,,,,,,,,,,,,
1102,466.0,680.0,681.0,3.0,"Peters, Miss. Katie",female,,0.0,0.0,330935,8.1375,,Q,
2057,117.0,,,,,,,,,,,,,
2712,890.0,,,,,,,,,,,,,
2779,1102.0,,,,,,,,,,,,,
788,945.0,373.0,,,,,,,,,,,,
2465,1583.0,,,,,,,,,,,,,
240,1023.0,805.0,,,,,,,,,,,,
2053,1088.0,,,,,,,,,,,,,
2616,366.0,,,,,,,,,,,,,
777,780.0,829.0,830.0,1.0,"Stone, Mrs. George Nelson (Martha Evelyn)",female,62.0,0.0,0.0,113572,80.0,B28,,
25,557.0,52.0,53.0,1.0,"Harper, Mrs. Henry Sleeper (Myna Haxtun)",female,49.0,1.0,0.0,PC 17572,76.7292,D33,C,
2611,257.0,,,,,,,,,,,,,
399,1063.0,633.0,,,,,,,,,,,,
803,1378.0,62.0,,,,,,,,,,,,
997,398.0,278.0,279.0,3.0,"Rice, Master. Eric",male,7.0,4.0,1.0,382652,29.125,,Q,
1887,962.0,,,,,,,,,,,,,
1435,1542.0,766.0,,,,,,,,,,,,
168,1487.0,199.0,,,,,,,,,,,,
712,138.0,598.0,599.0,3.0,"Boulos, Mr. Hanna",male,,0.0,0.0,2664,7.225,,C,
1168,1322.0,397.0,,,,,,,,,,,,
1153,1136.0,307.0,,,,,,,,,,,,
1046,718.0,408.0,409.0,3.0,"Birkeland, Mr. Hans Martin Monsen",male,21.0,0.0,0.0,312992,7.775,,S,
1351,444.0,694.0,695.0,1.0,"Weir, Col. John",male,60.0,0.0,0.0,113800,26.55,,S,
1728,934.0,,,,,,,,,,,,,
628,1275.0,634.0,,,,,,,,,,,,
1573,538.0,,,,,,,,,,,,,
1155,1453.0,567.0,,,,,,,,,,,,
1669,317.0,,,,,,,,,,,,,
1703,657.0,,,,,,,,,,,,,
45,1326.0,843.0,,,,,,,,,,,,
2719,1535.0,,,,,,,,,,,,,
2732,1122.0,,,,,,,,,,,,,
1581,842.0,,,,,,,,,,,,,
1438,1083.0,762.0,,,,,,,,,,,,
1795,1573.0,,,,,,,,,,,,,
1855,491.0,,,,,,,,,,,,,
642,957.0,63.0,,,,,,,,,,,,
1768,1355.0,,,,,,,,,,,,,
1664,224.0,,,,,,,,,,,,,
1272,7.0,318.0,319.0,1.0,"Wick, Miss. Mary Natalie",female,31.0,0.0,2.0,36928,164.8667,C7,S,
672,1585.0,816.0,,,,,,,,,,,,
2402,786.0,,,,,,,,,,,,,
1774,262.0,,,,,,,,,,,,,
2604,48.0,,,,,,,,,,,,,
811,943.0,558.0,,,,,,,,,,,,
588,217.0,542.0,543.0,3.0,"Andersson, Miss. Sigrid Elisabeth",female,11.0,4.0,2.0,347082,31.275,,S,
1928,1474.0,,,,,,,,,,,,,
1932,675.0,,,,,,,,,,,,,
1455,1195.0,,,,,,,,,,,,,
838,823.0,230.0,,,,,,,,,,,,
692,162.0,205.0,206.0,3.0,"Strom, Miss. Telma Matilda",female,2.0,0.0,1.0,347054,10.4625,G6,S,
1367,696.0,87.0,88.0,3.0,"Slocovski, Mr. Selman Francis",male,,0.0,0.0,SOTON/OQ 392086,8.05,,S,
1097,826.0,422.0,,,,,,,,,,,,
2160,49.0,,,,,,,,,,,,,
1962,742.0,,,,,,,,,,,,,
2235,331.0,,,,,,,,,,,,,
2070,912.0,,,,,,,,,,,,,
2419,936.0,,,,,,,,,,,,,
1089,167.0,410.0,411.0,3.0,"Sdycoff, Mr. Todor",male,,0.0,0.0,349222,7.8958,,S,
2345,522.0,,,,,,,,,,,,,
165,515.0,455.0,456.0,3.0,"Jalsevac, Mr. Ivan",male,29.0,0.0,0.0,349240,7.8958,,C,
58,1095.0,401.0,,,,,,,,,,,,
1894,1551.0,,,,,,,,,,,,,
981,579.0,5.0,6.0,3.0,"Moran, Mr. James",male,,0.0,0.0,330877,8.4583,,Q,
723,188.0,858.0,859.0,3.0,"Baclini, Mrs. Solomon (Latifa Qurban)",female,24.0,0.0,3.0,2666,19.2583,,C,
906,459.0,448.0,449.0,3.0,"Baclini, Miss. Marie Catherine",female,5.0,2.0,1.0,2666,19.2583,,C,
2253,650.0,,,,,,,,,,,,,
1047,599.0,29.0,30.0,3.0,"Todoroff, Mr. Lalio",male,,0.0,0.0,349216,7.8958,,S,
267,895.0,273.0,,,,,,,,,,,,
441,868.0,79.0,,,,,,,,,,,,
1188,1455.0,749.0,,,,,,,,,,,,
445,400.0,233.0,234.0,3.0,"Asplund, Miss. Lillian Gertrud",female,5.0,4.0,2.0,347077,31.3875,,S,
2629,1455.0,,,,,,,,,,,,,
1840,1063.0,,,,,,,,,,,,,
1176,986.0,889.0,,,,,,,,,,,,
794,331.0,57.0,58.0,3.0,"Novel, Mr. Mansouer",male,28.5,0.0,0.0,2697,7.2292,,C,
1023,463.0,545.0,546.0,1.0,"Nicholson, Mr. Arthur Ernest",male,64.0,0.0,0.0,693,26.0,,S,
481,590.0,872.0,873.0,1.0,"Carlsson, Mr. Frans Olof",male,33.0,0.0,0.0,695,5.0,B51 B53 B55,S,
2272,0.0,,,,,,,,,,,,,
784,537.0,496.0,497.0,1.0,"Eustis, Miss. Elizabeth Mussey",female,54.0,1.0,0.0,36947,78.2667,D20,C,
2771,1312.0,,,,,,,,,,,,,
1568,542.0,,,,,,,,,,,,,
2409,447.0,,,,,,,,,,,,,
216,1003.0,274.0,,,,,,,,,,,,
2717,1433.0,,,,,,,,,,,,,
993,719.0,778.0,779.0,3.0,"Kilgannon, Mr. Thomas J",male,,0.0,0.0,36865,7.7375,,Q,
1286,1118.0,520.0,,,,,,,,,,,,
1966,1319.0,,,,,,,,,,,,,
1853,470.0,,,,,,,,,,,,,
1114,1350.0,239.0,,,,,,,,,,,,
2599,437.0,,,,,,,,,,,,,
2736,368.0,,,,,,,,,,,,,
268,705.0,790.0,791.0,3.0,"Keane, Mr. Andrew ""Andy""",male,,0.0,0.0,12460,7.75,,Q,
285,963.0,205.0,,,,,,,,,,,,
677,526.0,776.0,777.0,3.0,"Tobin, Mr. Roger",male,,0.0,0.0,383121,7.75,F38,Q,
2196,1026.0,,,,,,,,,,,,,
2203,1375.0,,,,,,,,,,,,,
396,303.0,564.0,565.0,3.0,"Meanwell, Miss. (Marion Ogden)",female,,0.0,0.0,SOTON/O.Q. 392087,8.05,,S,
75,312.0,661.0,662.0,3.0,"Badt, Mr. Mohamed",male,40.0,0.0,0.0,2623,7.225,,C,
2387,137.0,,,,,,,,,,,,,
136,1588.0,604.0,,,,,,,,,,,,
1111,39.0,856.0,857.0,1.0,"Wick, Mrs. George Dennick (Mary Hitchcock)",female,45.0,1.0,1.0,36928,164.8667,,S,
534,636.0,512.0,513.0,1.0,"McGough, Mr. James Robert",male,36.0,0.0,0.0,PC 17473,26.2875,E25,S,
2134,52.0,,,,,,,,,,,,,
913,600.0,793.0,794.0,1.0,"Hoyt, Mr. William Fisher",male,,0.0,0.0,PC 17600,30.6958,,C,
564,992.0,344.0,,,,,,,,,,,,
1370,1570.0,609.0,,,,,,,,,,,,
193,630.0,592.0,593.0,3.0,"Elsbury, Mr. William James",male,47.0,0.0,0.0,A/5 3902,7.25,,S,
2777,1366.0,,,,,,,,,,,,,
643,594.0,40.0,41.0,3.0,"Ahlin, Mrs. Johan (Johanna Persdotter Larsson)",female,40.0,1.0,0.0,7546,9.475,,S,
769,1447.0,296.0,,,,,,,,,,,,
1906,1511.0,,,,,,,,,,,,,
2105,136.0,,,,,,,,,,,,,
2363,948.0,,,,,,,,,,,,,
1807,1078.0,,,,,,,,,,,,,
996,1337.0,811.0,,,,,,,,,,,,
1861,1280.0,,,,,,,,,,,,,
1493,997.0,,,,,,,,,,,,,
2858,352.0,,,,,,,,,,,,,
1504,421.0,,,,,,,,,,,,,
2124,701.0,,,,,,,,,,,,,
176,588.0,411.0,412.0,3.0,"Hart, Mr. Henry",male,,0.0,0.0,394140,6.8583,,Q,
1743,651.0,,,,,,,,,,,,,
257,1539.0,651.0,,,,,,,,,,,,
2641,1152.0,,,,,,,,,,,,,
751,991.0,782.0,,,,,,,,,,,,
2817,808.0,,,,,,,,,,,,,
150,773.0,426.0,427.0,2.0,"Clarke, Mrs. Charles V (Ada Maria Winfield)",female,28.0,1.0,0.0,2003,26.0,,S,
1417,352.0,493.0,494.0,1.0,"Artagaveytia, Mr. Ramon",male,71.0,0.0,0.0,PC 17609,49.5042,,C,
2498,861.0,,,,,,,,,,,,,
509,1419.0,367.0,,,,,,,,,,,,
1461,299.0,,,,,,,,,,,,,
753,777.0,583.0,584.0,1.0,"Ross, Mr. John Hugo",male,36.0,0.0,0.0,13049,40.125,A10,C,
120,1093.0,303.0,,,,,,,,,,,,
65,1019.0,268.0,,,,,,,,,,,,
905,910.0,122.0,,,,,,,,,,,,
1446,1092.0,,,,,,,,,,,,,
1645,874.0,,,,,,,,,,,,,
592,1158.0,94.0,,,,,,,,,,,,
129,300.0,157.0,158.0,3.0,"Corn, Mr. Harry",male,30.0,0.0,0.0,SOTON/OQ 392090,8.05,,S,
1718,1147.0,,,,,,,,,,,,,
214,996.0,76.0,,,,,,,,,,,,
1220,272.0,86.0,87.0,3.0,"Ford, Mr. William Neal",male,16.0,1.0,3.0,W./C. 6608,34.375,,S,
2204,63.0,,,,,,,,,,,,,
1805,374.0,,,,,,,,,,,,,
1881,564.0,,,,,,,,,,,,,
1538,767.0,,,,,,,,,,,,,
990,90.0,815.0,816.0,1.0,"Fry, Mr. Richard",male,,0.0,0.0,112058,0.0,B102,S,
915,739.0,624.0,625.0,3.0,"Bowen, Mr. David John ""Dai""",male,21.0,0.0,0.0,54636,16.1,,S,
482,1288.0,369.0,,,,,,,,,,,,
1731,846.0,,,,,,,,,,,,,
795,32.0,823.0,824.0,3.0,"Moor, Mrs. (Beila)",female,27.0,0.0,1.0,392096,12.475,E121,S,
640,132.0,547.0,548.0,2.0,"Padro y Manent, Mr. Julian",male,,0.0,0.0,SC/PARIS 2146,13.8625,,C,
2553,836.0,,,,,,,,,,,,,
1850,27.0,,,,,,,,,,,,,
2323,83.0,,,,,,,,,,,,,
1071,273.0,522.0,523.0,3.0,"Lahoud, Mr. Sarkis",male,,0.0,0.0,2624,7.225,,C,
1521,141.0,,,,,,,,,,,,,
1390,893.0,65.0,,,,,,,,,,,,
710,770.0,591.0,592.0,1.0,"Stephenson, Mrs. Walter Bertram (Martha Eustis)",female,52.0,1.0,0.0,36947,78.2667,D20,C,
1321,1014.0,11.0,,,,,,,,,,,,
702,418.0,345.0,346.0,2.0,"Brown, Miss. Amelia ""Mildred""",female,24.0,0.0,0.0,248733,13.0,F33,S,
2867,26.0,,,,,,,,,,,,,
1477,1490.0,,,,,,,,,,,,,
2370,499.0,,,,,,,,,,,,,
855,604.0,819.0,820.0,3.0,"Skoog, Master. Karl Thorsten",male,10.0,3.0,2.0,347088,27.9,,S,
1499,1095.0,,,,,,,,,,,,,
1147,884.0,377.0,,,,,,,,,,,,
2748,1251.0,,,,,,,,,,,,,
1564,1403.0,,,,,,,,,,,,,
2742,97.0,,,,,,,,,,,,,
207,249.0,416.0,417.0,2.0,"Drew, Mrs. James Vivian (Lulu Thorne Christian)",female,34.0,1.0,1.0,28220,32.5,,S,
1971,1015.0,,,,,,,,,,,,,
2428,1123.0,,,,,,,,,,,,,
2081,132.0,,,,,,,,,,,,,
2,1231.0,135.0,,,,,,,,,,,,
1716,951.0,,,,,,,,,,,,,
1769,246.0,,,,,,,,,,,,,
1211,580.0,606.0,607.0,3.0,"Karaic, Mr. Milan",male,30.0,0.0,0.0,349246,7.8958,,S,
1095,1013.0,290.0,,,,,,,,,,,,
705,431.0,806.0,807.0,1.0,"Andrews, Mr. Thomas Jr",male,39.0,0.0,0.0,112050,0.0,A36,S,
2050,559.0,,,,,,,,,,,,,
544,288.0,321.0,322.0,3.0,"Danoff, Mr. Yoto",male,27.0,0.0,0.0,349219,7.8958,,S,
2214,1459.0,,,,,,,,,,,,,
1414,1262.0,507.0,,,,,,,,,,,,
1912,1323.0,,,,,,,,,,,,,
801,308.0,553.0,554.0,3.0,"Leeni, Mr. Fahim (""Philip Zenni"")",male,22.0,0.0,0.0,2620,7.225,,C,
1938,1483.0,,,,,,,,,,,,,
1441,280.0,,,,,,,,,,,,,
1198,1178.0,648.0,,,,,,,,,,,,
2174,1115.0,,,,,,,,,,,,,
684,388.0,114.0,115.0,3.0,"Attalah, Miss. Malake",female,17.0,0.0,0.0,2627,14.4583,,C,
2693,409.0,,,,,,,,,,,,,
338,1507.0,193.0,,,,,,,,,,,,
1010,1353.0,685.0,,,,,,,,,,,,
2375,764.0,,,,,,,,,,,,,
579,953.0,663.0,,,,,,,,,,,,
2327,1388.0,,,,,,,,,,,,,
1229,1374.0,456.0,,,,,,,,,,,,
2226,999.0,,,,,,,,,,,,,
444,211.0,831.0,832.0,2.0,"Richards, Master. George Sibley",male,0.83,1.0,1.0,29106,18.75,,S,
2232,974.0,,,,,,,,,,,,,
2698,1225.0,,,,,,,,,,,,,
87,1060.0,840.0,,,,,,,,,,,,
967,346.0,61.0,62.0,1.0,"Icard, Miss. Amelie",female,38.0,0.0,0.0,113572,80.0,B28,,
2799,775.0,,,,,,,,,,,,,
2338,1333.0,,,,,,,,,,,,,
2314,204.0,,,,,,,,,,,,,
866,1465.0,10.0,,,,,,,,,,,,
2139,414.0,,,,,,,,,,,,,
871,979.0,276.0,,,,,,,,,,,,
10,1370.0,837.0,,,,,,,,,,,,
2069,1275.0,,,,,,,,,,,,,
2411,44.0,,,,,,,,,,,,,
227,51.0,715.0,716.0,3.0,"Soholt, Mr. Peter Andreas Lauritz Andersen",male,19.0,0.0,0.0,348124,7.65,F G73,S,
2494,583.0,,,,,,,,,,,,,
918,605.0,163.0,164.0,3.0,"Calic, Mr. Jovo",male,17.0,0.0,0.0,315093,8.6625,,S,
1462,286.0,,,,,,,,,,,,,
2689,621.0,,,,,,,,,,,,,
1003,1431.0,592.0,,,,,,,,,,,,
2283,894.0,,,,,,,,,,,,,
1268,975.0,716.0,,,,,,,,,,,,
512,342.0,799.0,800.0,3.0,"Van Impe, Mrs. Jean Baptiste (Rosalie Paula Govaert)",female,30.0,1.0,1.0,345773,24.15,,S,
2499,502.0,,,,,,,,,,,,,
2161,127.0,,,,,,,,,,,,,
2877,247.0,,,,,,,,,,,,,
1632,144.0,,,,,,,,,,,,,
2456,998.0,,,,,,,,,,,,,
1489,1282.0,,,,,,,,,,,,,
32,612.0,687.0,688.0,3.0,"Dakic, Mr. Branko",male,19.0,0.0,0.0,349228,10.1708,,S,
1452,1357.0,,,,,,,,,,,,,
1037,681.0,92.0,93.0,1.0,"Chaffee, Mr. Herbert Fuller",male,46.0,1.0,0.0,W.E.P. 5734,61.175,E31,S,
1700,498.0,,,,,,,,,,,,,
1434,1549.0,616.0,,,,,,,,,,,,
832,776.0,527.0,528.0,1.0,"Farthing, Mr. John",male,,0.0,0.0,PC 17483,221.7792,C95,S,
2740,1412.0,,,,,,,,,,,,,
844,1175.0,670.0,,,,,,,,,,,,
498,1089.0,321.0,,,,,,,,,,,,
2295,438.0,,,,,,,,,,,,,
1907,1101.0,,,,,,,,,,,,,
1835,371.0,,,,,,,,,,,,,
217,1127.0,45.0,,,,,,,,,,,,
1892,685.0,,,,,,,,,,,,,
1073,983.0,888.0,,,,,,,,,,,,
1791,1354.0,,,,,,,,,,,,,
541,901.0,68.0,,,,,,,,,,,,
1975,636.0,,,,,,,,,,,,,
546,850.0,439.0,,,,,,,,,,,,
849,794.0,431.0,432.0,3.0,"Thorneycroft, Mrs. Percival (Florence Kate White)",female,,1.0,0.0,376564,16.1,,S,
410,1030.0,873.0,,,,,,,,,,,,
948,1261.0,569.0,,,,,,,,,,,,
1897,416.0,,,,,,,,,,,,,
1783,536.0,,,,,,,,,,,,,
2459,213.0,,,,,,,,,,,,,
360,1349.0,396.0,,,,,,,,,,,,
2279,823.0,,,,,,,,,,,,,
102,955.0,118.0,,,,,,,,,,,,
2028,939.0,,,,,,,,,,,,,
258,990.0,272.0,,,,,,,,,,,,
413,,,,,,,,,,,,,,
719,,,,,,,,,,,,,,
2286,,,,,,,,,,,,,,1.0
2332,,,,,,,,,,,,,,
1903,,,,,,,,,,,,,,
557,,,,,,,,,,,,,,
2451,,,,,,,,,,,,,,0.0
2507,,,,,,,,,,,,,,0.0
2757,,,,,,,,,,,,,,0.0
2002,,,,,,,,,,,,,,0.0
1026,,,,,,,,,,,,,,
1293,,,,,,,,,,,,,,
1471,,,,,,,,,,,,,,
2659,,,,,,,,,,,,,,0.0
244,,,,,,,,,,,,,,
251,,,,,,,,,,,,,,
2137,,,,,,,,,,,,,,0.0
2074,,,,,,,,,,,,,,0.0
1416,,,,,,,,,,,,,,
1405,,,,,,,,,,,,,,
293,,,,,,,,,,,,,,
827,,,,,,,,,,,,,,
191,,,,,,,,,,,,,,
1757,,,,,,,,,,,,,,1.0
644,,,,,,,,,,,,,,
897,,,,,,,,,,,,,,
1671,,,,,,,,,,,,,,
185,,,,,,,,,,,,,,
1283,,,,,,,,,,,,,,
2574,,,,,,,,,,,,,,1.0
2022,,,,,,,,,,,,,,0.0
1866,,,,,,,,,,,,,,0.0
1007,,,,,,,,,,,,,,
1542,,,,,,,,,,,,,,
2673,,,,,,,,,,,,,,1.0
2251,,,,,,,,,,,,,,
1350,,,,,,,,,,,,,,
1816,,,,,,,,,,,,,,
97,,,,,,,,,,,,,,
2284,,,,,,,,,,,,,,
335,,,,,,,,,,,,,,
1951,,,,,,,,,,,,,,
368,,,,,,,,,,,,,,
2875,,,,,,,,,,,,,,0.0
2276,,,,,,,,,,,,,,0.0
173,,,,,,,,,,,,,,
1025,,,,,,,,,,,,,,
1264,,,,,,,,,,,,,,
2571,,,,,,,,,,,,,,
1310,,,,,,,,,,,,,,
2298,,,,,,,,,,,,,,0.0
1261,,,,,,,,,,,,,,
1465,,,,,,,,,,,,,,0.0
1064,,,,,,,,,,,,,,
2263,,,,,,,,,,,,,,0.0
178,,,,,,,,,,,,,,
1298,,,,,,,,,,,,,,
1172,,,,,,,,,,,,,,
1594,,,,,,,,,,,,,,
2441,,,,,,,,,,,,,,0.0
2823,,,,,,,,,,,,,,
593,,,,,,,,,,,,,,
1195,,,,,,,,,,,,,,
893,,,,,,,,,,,,,,
2633,,,,,,,,,,,,,,0.0
787,,,,,,,,,,,,,,
2671,,,,,,,,,,,,,,0.0
699,,,,,,,,,,,,,,
1619,,,,,,,,,,,,,,
1203,,,,,,,,,,,,,,
171,,,,,,,,,,,,,,
1006,,,,,,,,,,,,,,
480,,,,,,,,,,,,,,
2713,,,,,,,,,,,,,,
288,,,,,,,,,,,,,,
582,,,,,,,,,,,,,,
1355,,,,,,,,,,,,,,
828,,,,,,,,,,,,,,
645,,,,,,,,,,,,,,
1107,,,,,,,,,,,,,,
1652,,,,,,,,,,,,,,
1423,,,,,,,,,,,,,,
1034,,,,,,,,,,,,,,
796,,,,,,,,,,,,,,
1599,,,,,,,,,,,,,,
1391,,,,,,,,,,,,,,
563,,,,,,,,,,,,,,
2126,,,,,,,,,,,,,,
968,,,,,,,,,,,,,,
1353,,,,,,,,,,,,,,
2685,,,,,,,,,,,,,,
2878,,,,,,,,,,,,,,
2869,,,,,,,,,,,,,,1.0
2190,,,,,,,,,,,,,,1.0
1072,,,,,,,,,,,,,,
898,,,,,,,,,,,,,,
2466,,,,,,,,,,,,,,0.0
1470,,,,,,,,,,,,,,
292,,,,,,,,,,,,,,
2199,,,,,,,,,,,,,,
951,,,,,,,,,,,,,,
711,,,,,,,,,,,,,,
2144,,,,,,,,,,,,,,0.0
153,,,,,,,,,,,,,,
973,,,,,,,,,,,,,,
741,,,,,,,,,,,,,,
1112,,,,,,,,,,,,,,
869,,,,,,,,,,,,,,
656,,,,,,,,,,,,,,
1308,,,,,,,,,,,,,,
742,,,,,,,,,,,,,,
1890,,,,,,,,,,,,,,1.0
2640,,,,,,,,,,,,,,
170,,,,,,,,,,,,,,
225,,,,,,,,,,,,,,
837,,,,,,,,,,,,,,
2842,,,,,,,,,,,,,,
1436,,,,,,,,,,,,,,
418,,,,,,,,,,,,,,
835,,,,,,,,,,,,,,
39,,,,,,,,,,,,,,
1834,,,,,,,,,,,,,,
2648,,,,,,,,,,,,,,0.0
1244,,,,,,,,,,,,,,
19,,,,,,,,,,,,,,
2651,,,,,,,,,,,,,,
1885,,,,,,,,,,,,,,
2533,,,,,,,,,,,,,,1.0
1794,,,,,,,,,,,,,,
446,,,,,,,,,,,,,,
2385,,,,,,,,,,,,,,0.0
328,,,,,,,,,,,,,,
2244,,,,,,,,,,,,,,0.0
922,,,,,,,,,,,,,,
594,,,,,,,,,,,,,,
2696,,,,,,,,,,,,,,0.0
1968,,,,,,,,,,,,,,0.0
135,,,,,,,,,,,,,,
2802,,,,,,,,,,,,,,0.0
1307,,,,,,,,,,,,,,
263,,,,,,,,,,,,,,
651,,,,,,,,,,,,,,
2491,,,,,,,,,,,,,,
1374,,,,,,,,,,,,,,
1611,,,,,,,,,,,,,,
271,,,,,,,,,,,,,,
1149,,,,,,,,,,,,,,
2705,,,,,,,,,,,,,,1.0
339,,,,,,,,,,,,,,
1915,,,,,,,,,,,,,,0.0
1576,,,,,,,,,,,,,,
1263,,,,,,,,,,,,,,
1790,,,,,,,,,,,,,,0.0
783,,,,,,,,,,,,,,
830,,,,,,,,,,,,,,
1609,,,,,,,,,,,,,,0.0
931,,,,,,,,,,,,,,
2521,,,,,,,,,,,,,,0.0
1194,,,,,,,,,,,,,,
1739,,,,,,,,,,,,,,
90,,,,,,,,,,,,,,
1028,,,,,,,,,,,,,,
308,,,,,,,,,,,,,,
1721,,,,,,,,,,,,,,0.0
818,,,,,,,,,,,,,,
2391,,,,,,,,,,,,,,
1674,,,,,,,,,,,,,,
624,,,,,,,,,,,,,,
212,,,,,,,,,,,,,,
1740,,,,,,,,,,,,,,
2287,,,,,,,,,,,,,,0.0
678,,,,,,,,,,,,,,
2595,,,,,,,,,,,,,,0.0
1289,,,,,,,,,,,,,,
585,,,,,,,,,,,,,,
1146,,,,,,,,,,,,,,
732,,,,,,,,,,,,,,
1216,,,,,,,,,,,,,,
789,,,,,,,,,,,,,,
2591,,,,,,,,,,,,,,
388,,,,,,,,,,,,,,
1450,,,,,,,,,,,,,,
2763,,,,,,,,,,,,,,1.0
1487,,,,,,,,,,,,,,
2621,,,,,,,,,,,,,,1.0
1993,,,,,,,,,,,,,,1.0
1509,,,,,,,,,,,,,,1.0
1717,,,,,,,,,,,,,,
2001,,,,,,,,,,,,,,0.0
1068,,,,,,,,,,,,,,
1184,,,,,,,,,,,,,,
2699,,,,,,,,,,,,,,
1208,,,,,,,,,,,,,,
1067,,,,,,,,,,,,,,
2807,,,,,,,,,,,,,,1.0
374,,,,,,,,,,,,,,
805,,,,,,,,,,,,,,
1921,,,,,,,,,,,,,,
2275,,,,,,,,,,,,,,
1530,,,,,,,,,,,,,,
1448,,,,,,,,,,,,,,0.0
499,,,,,,,,,,,,,,
707,,,,,,,,,,,,,,
279,,,,,,,,,,,,,,
1654,,,,,,,,,,,,,,
329,,,,,,,,,,,,,,
16,,,,,,,,,,,,,,
1933,,,,,,,,,,,,,,
38,,,,,,,,,,,,,,
457,,,,,,,,,,,,,,
858,,,,,,,,,,,,,,
1843,,,,,,,,,,,,,,0.0
69,,,,,,,,,,,,,,
2108,,,,,,,,,,,,,,
142,,,,,,,,,,,,,,
539,,,,,,,,,,,,,,
2184,,,,,,,,,,,,,,1.0
2371,,,,,,,,,,,,,,
255,,,,,,,,,,,,,,
1257,,,,,,,,,,,,,,
248,,,,,,,,,,,,,,
1871,,,,,,,,,,,,,,1.0
2535,,,,,,,,,,,,,,
203,,,,,,,,,,,,,,
1996,,,,,,,,,,,,,,1.0
1092,,,,,,,,,,,,,,
927,,,,,,,,,,,,,,
865,,,,,,,,,,,,,,
1845,,,,,,,,,,,,,,1.0
1368,,,,,,,,,,,,,,
1507,,,,,,,,,,,,,,
1977,,,,,,,,,,,,,,0.0
1074,,,,,,,,,,,,,,
1282,,,,,,,,,,,,,,
2613,,,,,,,,,,,,,,1.0
2384,,,,,,,,,,,,,,
1045,,,,,,,,,,,,,,
975,,,,,,,,,,,,,,
930,,,,,,,,,,,,,,
2157,,,,,,,,,,,,,,1.0
1719,,,,,,,,,,,,,,0.0
1486,,,,,,,,,,,,,,0.0
2576,,,,,,,,,,,,,,
1319,,,,,,,,,,,,,,
1752,,,,,,,,,,,,,,0.0
2221,,,,,,,,,,,,,,0.0
850,,,,,,,,,,,,,,
1706,,,,,,,,,,,,,,0.0
492,,,,,,,,,,,,,,
506,,,,,,,,,,,,,,
1463,,,,,,,,,,,,,,
2368,,,,,,,,,,,,,,1.0
1036,,,,,,,,,,,,,,
613,,,,,,,,,,,,,,
2154,,,,,,,,,,,,,,1.0
1749,,,,,,,,,,,,,,1.0
673,,,,,,,,,,,,,,
2828,,,,,,,,,,,,,,
222,,,,,,,,,,,,,,
1852,,,,,,,,,,,,,,0.0
992,,,,,,,,,,,,,,
500,,,,,,,,,,,,,,
2100,,,,,,,,,,,,,,0.0
1247,,,,,,,,,,,,,,
92,,,,,,,,,,,,,,
1387,,,,,,,,,,,,,,
2801,,,,,,,,,,,,,,0.0
2372,,,,,,,,,,,,,,1.0
2185,,,,,,,,,,,,,,
2309,,,,,,,,,,,,,,
1804,,,,,,,,,,,,,,
1687,,,,,,,,,,,,,,0.0
1686,,,,,,,,,,,,,,
1009,,,,,,,,,,,,,,
337,,,,,,,,,,,,,,
2489,,,,,,,,,,,,,,
2413,,,,,,,,,,,,,,0.0
275,,,,,,,,,,,,,,
2596,,,,,,,,,,,,,,0.0
1923,,,,,,,,,,,,,,1.0
259,,,,,,,,,,,,,,
467,,,,,,,,,,,,,,
1420,,,,,,,,,,,,,,
663,,,,,,,,,,,,,,
2110,,,,,,,,,,,,,,0.0
2104,,,,,,,,,,,,,,1.0
1248,,,,,,,,,,,,,,
349,,,,,,,,,,,,,,
76,,,,,,,,,,,,,,
2386,,,,,,,,,,,,,,0.0
1648,,,,,,,,,,,,,,
397,,,,,,,,,,,,,,
1196,,,,,,,,,,,,,,
311,,,,,,,,,,,,,,
2067,,,,,,,,,,,,,,
2565,,,,,,,,,,,,,,
1651,,,,,,,,,,,,,,
2614,,,,,,,,,,,,,,0.0
988,,,,,,,,,,,,,,
2412,,,,,,,,,,,,,,0.0
2665,,,,,,,,,,,,,,0.0
427,,,,,,,,,,,,,,
1754,,,,,,,,,,,,,,0.0
1000,,,,,,,,,,,,,,
1225,,,,,,,,,,,,,,
461,,,,,,,,,,,,,,
2011,,,,,,,,,,,,,,1.0
2627,,,,,,,,,,,,,,0.0
2013,,,,,,,,,,,,,,1.0
728,,,,,,,,,,,,,,
821,,,,,,,,,,,,,,
1986,,,,,,,,,,,,,,
2497,,,,,,,,,,,,,,
1822,,,,,,,,,,,,,,
1246,,,,,,,,,,,,,,
1681,,,,,,,,,,,,,,0.0
1183,,,,,,,,,,,,,,
1601,,,,,,,,,,,,,,0.0
1899,,,,,,,,,,,,,,0.0
634,,,,,,,,,,,,,,
584,,,,,,,,,,,,,,
11,,,,,,,,,,,,,,
300,,,,,,,,,,,,,,
79,,,,,,,,,,,,,,
1792,,,,,,,,,,,,,,0.0
309,,,,,,,,,,,,,,
854,,,,,,,,,,,,,,
770,,,,,,,,,,,,,,
371,,,,,,,,,,,,,,
1106,,,,,,,,,,,,,,
2064,,,,,,,,,,,,,,1.0
890,,,,,,,,,,,,,,
1523,,,,,,,,,,,,,,0.0
2761,,,,,,,,,,,,,,
2478,,,,,,,,,,,,,,
2318,,,,,,,,,,,,,,0.0
1410,,,,,,,,,,,,,,
1294,,,,,,,,,,,,,,
2469,,,,,,,,,,,,,,0.0
729,,,,,,,,,,,,,,
969,,,,,,,,,,,,,,
2767,,,,,,,,,,,,,,
1884,,,,,,,,,,,,,,0.0
813,,,,,,,,,,,,,,
2704,,,,,,,,,,,,,,
2560,,,,,,,,,,,,,,
1193,,,,,,,,,,,,,,
823,,,,,,,,,,,,,,
404,,,,,,,,,,,,,,
2628,,,,,,,,,,,,,,0.0
2830,,,,,,,,,,,,,,
591,,,,,,,,,,,,,,
995,,,,,,,,,,,,,,
2407,,,,,,,,,,,,,,
1620,,,,,,,,,,,,,,0.0
1136,,,,,,,,,,,,,,
286,,,,,,,,,,,,,,
518,,,,,,,,,,,,,,
133,,,,,,,,,,,,,,
2175,,,,,,,,,,,,,,
2714,,,,,,,,,,,,,,
2090,,,,,,,,,,,,,,0.0
2312,,,,,,,,,,,,,,0.0
433,,,,,,,,,,,,,,
1730,,,,,,,,,,,,,,1.0
2142,,,,,,,,,,,,,,
270,,,,,,,,,,,,,,
420,,,,,,,,,,,,,,
961,,,,,,,,,,,,,,
28,,,,,,,,,,,,,,
1165,,,,,,,,,,,,,,
1113,,,,,,,,,,,,,,
638,,,,,,,,,,,,,,
1833,,,,,,,,,,,,,,
1425,,,,,,,,,,,,,,
549,,,,,,,,,,,,,,
118,,,,,,,,,,,,,,
950,,,,,,,,,,,,,,
1429,,,,,,,,,,,,,,
1084,,,,,,,,,,,,,,
1317,,,,,,,,,,,,,,
1302,,,,,,,,,,,,,,
1020,,,,,,,,,,,,,,
1174,,,,,,,,,,,,,,
2850,,,,,,,,,,,,,,1.0
2770,,,,,,,,,,,,,,
126,,,,,,,,,,,,,,
1397,,,,,,,,,,,,,,
1812,,,,,,,,,,,,,,
1150,,,,,,,,,,,,,,
1782,,,,,,,,,,,,,,1.0
1306,,,,,,,,,,,,,,
1327,,,,,,,,,,,,,,
1378,,,,,,,,,,,,,,
422,,,,,,,,,,,,,,
1496,,,,,,,,,,,,,,
1872,,,,,,,,,,,,,,0.0
2061,,,,,,,,,,,,,,
599,,,,,,,,,,,,,,
2797,,,,,,,,,,,,,,1.0
2657,,,,,,,,,,,,,,
2816,,,,,,,,,,,,,,
1270,,,,,,,,,,,,,,
792,,,,,,,,,,,,,,
2361,,,,,,,,,,,,,,1.0
1766,,,,,,,,,,,,,,0.0
2862,,,,,,,,,,,,,,1.0
493,,,,,,,,,,,,,,
2313,,,,,,,,,,,,,,
1934,,,,,,,,,,,,,,
1922,,,,,,,,,,,,,,
2198,,,,,,,,,,,,,,1.0
2227,,,,,,,,,,,,,,1.0
1039,,,,,,,,,,,,,,
1300,,,,,,,,,,,,,,
2517,,,,,,,,,,,,,,0.0
1213,,,,,,,,,,,,,,
2840,,,,,,,,,,,,,,
2677,,,,,,,,,,,,,,1.0
1115,,,,,,,,,,,,,,
2383,,,,,,,,,,,,,,1.0
2354,,,,,,,,,,,,,,
1494,,,,,,,,,,,,,,0.0
589,,,,,,,,,,,,,,
218,,,,,,,,,,,,,,
977,,,,,,,,,,,,,,
669,,,,,,,,,,,,,,
2084,,,,,,,,,,,,,,
907,,,,,,,,,,,,,,
2019,,,,,,,,,,,,,,0.0
819,,,,,,,,,,,,,,
1837,,,,,,,,,,,,,,
83,,,,,,,,,,,,,,
342,,,,,,,,,,,,,,
761,,,,,,,,,,,,,,
2831,,,,,,,,,,,,,,1.0
1483,,,,,,,,,,,,,,
2871,,,,,,,,,,,,,,1.0
1772,,,,,,,,,,,,,,
2349,,,,,,,,,,,,,,
1171,,,,,,,,,,,,,,
2876,,,,,,,,,,,,,,0.0
2148,,,,,,,,,,,,,,0.0
1950,,,,,,,,,,,,,,1.0
291,,,,,,,,,,,,,,
425,,,,,,,,,,,,,,
1832,,,,,,,,,,,,,,0.0
1013,,,,,,,,,,,,,,
2556,,,,,,,,,,,,,,
2346,,,,,,,,,,,,,,0.0
1109,,,,,,,,,,,,,,
436,,,,,,,,,,,,,,
2422,,,,,,,,,,,,,,
619,,,,,,,,,,,,,,
440,,,,,,,,,,,,,,
2152,,,,,,,,,,,,,,1.0
1276,,,,,,,,,,,,,,
815,,,,,,,,,,,,,,
1444,,,,,,,,,,,,,,
117,,,,,,,,,,,,,,
598,,,,,,,,,,,,,,
2639,,,,,,,,,,,,,,0.0
2356,,,,,,,,,,,,,,
778,,,,,,,,,,,,,,
933,,,,,,,,,,,,,,
1650,,,,,,,,,,,,,,
2594,,,,,,,,,,,,,,1.0
1640,,,,,,,,,,,,,,
525,,,,,,,,,,,,,,
1226,,,,,,,,,,,,,,
686,,,,,,,,,,,,,,
2881,,,,,,,,,,,,,,
1989,,,,,,,,,,,,,,
766,,,,,,,,,,,,,,
146,,,,,,,,,,,,,,
2622,,,,,,,,,,,,,,0.0
1273,,,,,,,,,,,,,,
164,,,,,,,,,,,,,,
2034,,,,,,,,,,,,,,
984,,,,,,,,,,,,,,
1396,,,,,,,,,,,,,,
2475,,,,,,,,,,,,,,1.0
543,,,,,,,,,,,,,,
2584,,,,,,,,,,,,,,
1615,,,,,,,,,,,,,,0.0
1713,,,,,,,,,,,,,,0.0
2293,,,,,,,,,,,,,,
179,,,,,,,,,,,,,,
708,,,,,,,,,,,,,,
2792,,,,,,,,,,,,,,
583,,,,,,,,,,,,,,
2510,,,,,,,,,,,,,,
2552,,,,,,,,,,,,,,
648,,,,,,,,,,,,,,
438,,,,,,,,,,,,,,
567,,,,,,,,,,,,,,
2508,,,,,,,,,,,,,,1.0
1641,,,,,,,,,,,,,,
305,,,,,,,,,,,,,,
2020,,,,,,,,,,,,,,0.0
959,,,,,,,,,,,,,,
1460,,,,,,,,,,,,,,1.0
56,,,,,,,,,,,,,,
2587,,,,,,,,,,,,,,1.0
2513,,,,,,,,,,,,,,
2051,,,,,,,,,,,,,,
715,,,,,,,,,,,,,,
603,,,,,,,,,,,,,,
1508,,,,,,,,,,,,,,
163,,,,,,,,,,,,,,
1901,,,,,,,,,,,,,,0.0
535,,,,,,,,,,,,,,
2259,,,,,,,,,,,,,,
1646,,,,,,,,,,,,,,
2206,,,,,,,,,,,,,,0.0
1787,,,,,,,,,,,,,,0.0
2519,,,,,,,,,,,,,,
231,,,,,,,,,,,,,,
653,,,,,,,,,,,,,,
1708,,,,,,,,,,,,,,0.0
2127,,,,,,,,,,,,,,
161,,,,,,,,,,,,,,
2399,,,,,,,,,,,,,,0.0
2485,,,,,,,,,,,,,,
2281,,,,,,,,,,,,,,
2102,,,,,,,,,,,,,,0.0
152,,,,,,,,,,,,,,
1849,,,,,,,,,,,,,,1.0
51,,,,,,,,,,,,,,
2550,,,,,,,,,,,,,,1.0
316,,,,,,,,,,,,,,
2049,,,,,,,,,,,,,,
524,,,,,,,,,,,,,,
2430,,,,,,,,,,,,,,
390,,,,,,,,,,,,,,
2796,,,,,,,,,,,,,,
1336,,,,,,,,,,,,,,
1058,,,,,,,,,,,,,,
1735,,,,,,,,,,,,,,1.0
1844,,,,,,,,,,,,,,0.0
127,,,,,,,,,,,,,,
1141,,,,,,,,,,,,,,
1442,,,,,,,,,,,,,,1.0
224,,,,,,,,,,,,,,
2672,,,,,,,,,,,,,,1.0
114,,,,,,,,,,,,,,
1019,,,,,,,,,,,,,,
1596,,,,,,,,,,,,,,1.0
1813,,,,,,,,,,,,,,
1076,,,,,,,,,,,,,,
2032,,,,,,,,,,,,,,
439,,,,,,,,,,,,,,
881,,,,,,,,,,,,,,
2187,,,,,,,,,,,,,,0.0
2879,,,,,,,,,,,,,,1.0
1541,,,,,,,,,,,,,,1.0
242,,,,,,,,,,,,,,
1525,,,,,,,,,,,,,,
2171,,,,,,,,,,,,,,0.0
2364,,,,,,,,,,,,,,
1412,,,,,,,,,,,,,,
1033,,,,,,,,,,,,,,
2344,,,,,,,,,,,,,,1.0
1242,,,,,,,,,,,,,,
1279,,,,,,,,,,,,,,
2310,,,,,,,,,,,,,,1.0
558,,,,,,,,,,,,,,
253,,,,,,,,,,,,,,
462,,,,,,,,,,,,,,
1156,,,,,,,,,,,,,,
1983,,,,,,,,,,,,,,1.0
2638,,,,,,,,,,,,,,1.0
2516,,,,,,,,,,,,,,1.0
569,,,,,,,,,,,,,,
2211,,,,,,,,,,,,,,1.0
1175,,,,,,,,,,,,,,
1647,,,,,,,,,,,,,,1.0
515,,,,,,,,,,,,,,
1116,,,,,,,,,,,,,,
95,,,,,,,,,,,,,,
1548,,,,,,,,,,,,,,0.0
177,,,,,,,,,,,,,,
932,,,,,,,,,,,,,,
370,,,,,,,,,,,,,,
2815,,,,,,,,,,,,,,1.0
2734,,,,,,,,,,,,,,
1467,,,,,,,,,,,,,,
2457,,,,,,,,,,,,,,0.0
2003,,,,,,,,,,,,,,0.0
1688,,,,,,,,,,,,,,
2092,,,,,,,,,,,,,,0.0
667,,,,,,,,,,,,,,
94,,,,,,,,,,,,,,
2320,,,,,,,,,,,,,,0.0
106,,,,,,,,,,,,,,
662,,,,,,,,,,,,,,
2453,,,,,,,,,,,,,,
1040,,,,,,,,,,,,,,
1139,,,,,,,,,,,,,,
314,,,,,,,,,,,,,,
2083,,,,,,,,,,,,,,0.0
1873,,,,,,,,,,,,,,0.0
1911,,,,,,,,,,,,,,
215,,,,,,,,,,,,,,
1459,,,,,,,,,,,,,,
1511,,,,,,,,,,,,,,0.0
1561,,,,,,,,,,,,,,1.0
2481,,,,,,,,,,,,,,
403,,,,,,,,,,,,,,
1259,,,,,,,,,,,,,,
1212,,,,,,,,,,,,,,
2302,,,,,,,,,,,,,,
2549,,,,,,,,,,,,,,
1976,,,,,,,,,,,,,,0.0
1158,,,,,,,,,,,,,,
1079,,,,,,,,,,,,,,
883,,,,,,,,,,,,,,
1603,,,,,,,,,,,,,,
1335,,,,,,,,,,,,,,
195,,,,,,,,,,,,,,
822,,,,,,,,,,,,,,
1680,,,,,,,,,,,,,,1.0
155,,,,,,,,,,,,,,
1199,,,,,,,,,,,,,,
1896,,,,,,,,,,,,,,
359,,,,,,,,,,,,,,
2229,,,,,,,,,,,,,,0.0
407,,,,,,,,,,,,,,
471,,,,,,,,,,,,,,
449,,,,,,,,,,,,,,
1347,,,,,,,,,,,,,,
942,,,,,,,,,,,,,,
2634,,,,,,,,,,,,,,0.0
2711,,,,,,,,,,,,,,
2091,,,,,,,,,,,,,,
2794,,,,,,,,,,,,,,
247,,,,,,,,,,,,,,
2330,,,,,,,,,,,,,,
1,,,,,,,,,,,,,,
1666,,,,,,,,,,,,,,0.0
1258,,,,,,,,,,,,,,
1312,,,,,,,,,,,,,,
826,,,,,,,,,,,,,,
18,,,,,,,,,,,,,,
1859,,,,,,,,,,,,,,
99,,,,,,,,,,,,,,
2245,,,,,,,,,,,,,,
156,,,,,,,,,,,,,,
1324,,,,,,,,,,,,,,
1546,,,,,,,,,,,,,,1.0
631,,,,,,,,,,,,,,
283,,,,,,,,,,,,,,
1157,,,,,,,,,,,,,,
836,,,,,,,,,,,,,,
470,,,,,,,,,,,,,,
1223,,,,,,,,,,,,,,
2870,,,,,,,,,,,,,,0.0
1022,,,,,,,,,,,,,,
2597,,,,,,,,,,,,,,
2863,,,,,,,,,,,,,,
875,,,,,,,,,,,,,,
2321,,,,,,,,,,,,,,
2288,,,,,,,,,,,,,,1.0
1426,,,,,,,,,,,,,,
1029,,,,,,,,,,,,,,
2746,,,,,,,,,,,,,,
2547,,,,,,,,,,,,,,
1746,,,,,,,,,,,,,,1.0
1699,,,,,,,,,,,,,,1.0
1301,,,,,,,,,,,,,,
560,,,,,,,,,,,,,,
528,,,,,,,,,,,,,,
1402,,,,,,,,,,,,,,
675,,,,,,,,,,,,,,
2406,,,,,,,,,,,,,,0.0
1243,,,,,,,,,,,,,,
1135,,,,,,,,,,,,,,
2462,,,,,,,,,,,,,,0.0
622,,,,,,,,,,,,,,
1303,,,,,,,,,,,,,,
1238,,,,,,,,,,,,,,
2241,,,,,,,,,,,,,,
378,,,,,,,,,,,,,,
2265,,,,,,,,,,,,,,0.0
1830,,,,,,,,,,,,,,
666,,,,,,,,,,,,,,
521,,,,,,,,,,,,,,
451,,,,,,,,,,,,,,
447,,,,,,,,,,,,,,
2800,,,,,,,,,,,,,,0.0
1375,,,,,,,,,,,,,,
1407,,,,,,,,,,,,,,
657,,,,,,,,,,,,,,
2461,,,,,,,,,,,,,,1.0
696,,,,,,,,,,,,,,
327,,,,,,,,,,,,,,
1941,,,,,,,,,,,,,,0.0
2579,,,,,,,,,,,,,,0.0
713,,,,,,,,,,,,,,
630,,,,,,,,,,,,,,
655,,,,,,,,,,,,,,
460,,,,,,,,,,,,,,
596,,,,,,,,,,,,,,
864,,,,,,,,,,,,,,
6,,,,,,,,,,,,,,
1430,,,,,,,,,,,,,,
785,,,,,,,,,,,,,,
1904,,,,,,,,,,,,,,
2252,,,,,,,,,,,,,,1.0
1503,,,,,,,,,,,,,,
2376,,,,,,,,,,,,,,
354,,,,,,,,,,,,,,
885,,,,,,,,,,,,,,
2709,,,,,,,,,,,,,,1.0
2766,,,,,,,,,,,,,,
1166,,,,,,,,,,,,,,
2304,,,,,,,,,,,,,,0.0
44,,,,,,,,,,,,,,
646,,,,,,,,,,,,,,
2393,,,,,,,,,,,,,,
2153,,,,,,,,,,,,,,
1497,,,,,,,,,,,,,,
302,,,,,,,,,,,,,,
697,,,,,,,,,,,,,,
63,,,,,,,,,,,,,,
1714,,,,,,,,,,,,,,0.0
2397,,,,,,,,,,,,,,1.0
2626,,,,,,,,,,,,,,0.0
2836,,,,,,,,,,,,,,
2007,,,,,,,,,,,,,,0.0
627,,,,,,,,,,,,,,
2380,,,,,,,,,,,,,,
754,,,,,,,,,,,,,,
1696,,,,,,,,,,,,,,1.0
2138,,,,,,,,,,,,,,
762,,,,,,,,,,,,,,
1221,,,,,,,,,,,,,,
1879,,,,,,,,,,,,,,0.0
2769,,,,,,,,,,,,,,1.0
962,,,,,,,,,,,,,,
2810,,,,,,,,,,,,,,0.0
46,,,,,,,,,,,,,,
1755,,,,,,,,,,,,,,
2557,,,,,,,,,,,,,,
659,,,,,,,,,,,,,,
687,,,,,,,,,,,,,,
1101,,,,,,,,,,,,,,
846,,,,,,,,,,,,,,
1618,,,,,,,,,,,,,,
2755,,,,,,,,,,,,,,0.0
1161,,,,,,,,,,,,,,
158,,,,,,,,,,,,,,
2195,,,,,,,,,,,,,,
2741,,,,,,,,,,,,,,
1254,,,,,,,,,,,,,,
2285,,,,,,,,,,,,,,1.0
249,,,,,,,,,,,,,,
693,,,,,,,,,,,,,,
1539,,,,,,,,,,,,,,
1693,,,,,,,,,,,,,,
1982,,,,,,,,,,,,,,1.0
1162,,,,,,,,,,,,,,
1616,,,,,,,,,,,,,,0.0
2721,,,,,,,,,,,,,,
234,,,,,,,,,,,,,,
2749,,,,,,,,,,,,,,
2373,,,,,,,,,,,,,,
167,,,,,,,,,,,,,,
119,,,,,,,,,,,,,,
668,,,,,,,,,,,,,,
1629,,,,,,,,,,,,,,0.0
1099,,,,,,,,,,,,,,
1667,,,,,,,,,,,,,,0.0
2014,,,,,,,,,,,,,,0.0
393,,,,,,,,,,,,,,
2331,,,,,,,,,,,,,,1.0
1330,,,,,,,,,,,,,,
1401,,,,,,,,,,,,,,
1393,,,,,,,,,,,,,,
260,,,,,,,,,,,,,,
1808,,,,,,,,,,,,,,1.0
2071,,,,,,,,,,,,,,0.0
2030,,,,,,,,,,,,,,0.0
704,,,,,,,,,,,,,,
1553,,,,,,,,,,,,,,
2490,,,,,,,,,,,,,,
2804,,,,,,,,,,,,,,0.0
839,,,,,,,,,,,,,,
862,,,,,,,,,,,,,,
2851,,,,,,,,,,,,,,0.0
867,,,,,,,,,,,,,,
347,,,,,,,,,,,,,,
2036,,,,,,,,,,,,,,1.0
1543,,,,,,,,,,,,,,0.0
2266,,,,,,,,,,,,,,0.0
204,,,,,,,,,,,,,,
2528,,,,,,,,,,,,,,0.0
2697,,,,,,,,,,,,,,
2674,,,,,,,,,,,,,,0.0
1878,,,,,,,,,,,,,,0.0
1552,,,,,,,,,,,,,,0.0
381,,,,,,,,,,,,,,
510,,,,,,,,,,,,,,
1024,,,,,,,,,,,,,,
394,,,,,,,,,,,,,,
2772,,,,,,,,,,,,,,1.0
554,,,,,,,,,,,,,,
1689,,,,,,,,,,,,,,0.0
284,,,,,,,,,,,,,,
745,,,,,,,,,,,,,,
764,,,,,,,,,,,,,,
2758,,,,,,,,,,,,,,0.0
529,,,,,,,,,,,,,,
1656,,,,,,,,,,,,,,0.0
2164,,,,,,,,,,,,,,
1439,,,,,,,,,,,,,,
386,,,,,,,,,,,,,,
2718,,,,,,,,,,,,,,0.0
1137,,,,,,,,,,,,,,
2414,,,,,,,,,,,,,,0.0
1343,,,,,,,,,,,,,,
2233,,,,,,,,,,,,,,0.0
1642,,,,,,,,,,,,,,1.0
909,,,,,,,,,,,,,,
744,,,,,,,,,,,,,,
2352,,,,,,,,,,,,,,
2087,,,,,,,,,,,,,,
914,,,,,,,,,,,,,,
565,,,,,,,,,,,,,,
2593,,,,,,,,,,,,,,
2686,,,,,,,,,,,,,,1.0
1329,,,,,,,,,,,,,,
842,,,,,,,,,,,,,,
434,,,,,,,,,,,,,,
2078,,,,,,,,,,,,,,
1192,,,,,,,,,,,,,,
1453,,,,,,,,,,,,,,0.0
790,,,,,,,,,,,,,,
1093,,,,,,,,,,,,,,
681,,,,,,,,,,,,,,
889,,,,,,,,,,,,,,
1929,,,,,,,,,,,,,,0.0
2866,,,,,,,,,,,,,,
1182,,,,,,,,,,,,,,
1747,,,,,,,,,,,,,,
1944,,,,,,,,,,,,,,
2269,,,,,,,,,,,,,,1.0
1920,,,,,,,,,,,,,,
1712,,,,,,,,,,,,,,
2247,,,,,,,,,,,,,,
1723,,,,,,,,,,,,,,1.0
324,,,,,,,,,,,,,,
817,,,,,,,,,,,,,,
2273,,,,,,,,,,,,,,
617,,,,,,,,,,,,,,
2501,,,,,,,,,,,,,,1.0
392,,,,,,,,,,,,,,
650,,,,,,,,,,,,,,
1624,,,,,,,,,,,,,,0.0
1550,,,,,,,,,,,,,,
572,,,,,,,,,,,,,,
2333,,,,,,,,,,,,,,
2505,,,,,,,,,,,,,,
526,,,,,,,,,,,,,,
2329,,,,,,,,,,,,,,
42,,,,,,,,,,,,,,
718,,,,,,,,,,,,,,
1623,,,,,,,,,,,,,,1.0
1399,,,,,,,,,,,,,,
1970,,,,,,,,,,,,,,
1597,,,,,,,,,,,,,,
278,,,,,,,,,,,,,,
1418,,,,,,,,,,,,,,
35,,,,,,,,,,,,,,
1366,,,,,,,,,,,,,,
265,,,,,,,,,,,,,,
1124,,,,,,,,,,,,,,
940,,,,,,,,,,,,,,
1593,,,,,,,,,,,,,,
2654,,,,,,,,,,,,,,0.0
395,,,,,,,,,,,,,,
685,,,,,,,,,,,,,,
107,,,,,,,,,,,,,,
2482,,,,,,,,,,,,,,
1684,,,,,,,,,,,,,,0.0
2442,,,,,,,,,,,,,,
1433,,,,,,,,,,,,,,
1658,,,,,,,,,,,,,,0.0
879,,,,,,,,,,,,,,
1880,,,,,,,,,,,,,,1.0
2460,,,,,,,,,,,,,,1.0
1824,,,,,,,,,,,,,,0.0
147,,,,,,,,,,,,,,
606,,,,,,,,,,,,,,
2821,,,,,,,,,,,,,,1.0
1456,,,,,,,,,,,,,,1.0
2720,,,,,,,,,,,,,,1.0
1559,,,,,,,,,,,,,,1.0
2369,,,,,,,,,,,,,,0.0
180,,,,,,,,,,,,,,
491,,,,,,,,,,,,,,
1087,,,,,,,,,,,,,,
2837,,,,,,,,,,,,,,
2562,,,,,,,,,,,,,,
495,,,,,,,,,,,,,,
605,,,,,,,,,,,,,,
756,,,,,,,,,,,,,,
2398,,,,,,,,,,,,,,0.0
1943,,,,,,,,,,,,,,0.0
1127,,,,,,,,,,,,,,
456,,,,,,,,,,,,,,
2218,,,,,,,,,,,,,,
1269,,,,,,,,,,,,,,
580,,,,,,,,,,,,,,
1069,,,,,,,,,,,,,,
616,,,,,,,,,,,,,,
344,,,,,,,,,,,,,,
2495,,,,,,,,,,,,,,
1271,,,,,,,,,,,,,,
2452,,,,,,,,,,,,,,1.0
2216,,,,,,,,,,,,,,
2194,,,,,,,,,,,,,,
763,,,,,,,,,,,,,,
1979,,,,,,,,,,,,,,
134,,,,,,,,,,,,,,
34,,,,,,,,,,,,,,
68,,,,,,,,,,,,,,
2864,,,,,,,,,,,,,,0.0
2539,,,,,,,,,,,,,,
680,,,,,,,,,,,,,,
2527,,,,,,,,,,,,,,
2189,,,,,,,,,,,,,,0.0
1856,,,,,,,,,,,,,,
419,,,,,,,,,,,,,,
2536,,,,,,,,,,,,,,1.0
919,,,,,,,,,,,,,,
581,,,,,,,,,,,,,,
2186,,,,,,,,,,,,,,1.0
949,,,,,,,,,,,,,,
2739,,,,,,,,,,,,,,
2752,,,,,,,,,,,,,,1.0
2212,,,,,,,,,,,,,,0.0
71,,,,,,,,,,,,,,
1771,,,,,,,,,,,,,,
2470,,,,,,,,,,,,,,0.0
1761,,,,,,,,,,,,,,
1419,,,,,,,,,,,,,,
336,,,,,,,,,,,,,,
2427,,,,,,,,,,,,,,0.0
513,,,,,,,,,,,,,,
1502,,,,,,,,,,,,,,
1094,,,,,,,,,,,,,,
894,,,,,,,,,,,,,,
1379,,,,,,,,,,,,,,
955,,,,,,,,,,,,,,
2434,,,,,,,,,,,,,,
649,,,,,,,,,,,,,,
674,,,,,,,,,,,,,,
1826,,,,,,,,,,,,,,
1262,,,,,,,,,,,,,,
1777,,,,,,,,,,,,,,
714,,,,,,,,,,,,,,
665,,,,,,,,,,,,,,
59,,,,,,,,,,,,,,
1121,,,,,,,,,,,,,,
1395,,,,,,,,,,,,,,
2149,,,,,,,,,,,,,,0.0
2264,,,,,,,,,,,,,,
1357,,,,,,,,,,,,,,
888,,,,,,,,,,,,,,
578,,,,,,,,,,,,,,
1451,,,,,,,,,,,,,,0.0
2095,,,,,,,,,,,,,,
2754,,,,,,,,,,,,,,
824,,,,,,,,,,,,,,
780,,,,,,,,,,,,,,
1622,,,,,,,,,,,,,,
1090,,,,,,,,,,,,,,
1408,,,,,,,,,,,,,,
724,,,,,,,,,,,,,,
2299,,,,,,,,,,,,,,
197,,,,,,,,,,,,,,
2762,,,,,,,,,,,,,,1.0
1595,,,,,,,,,,,,,,
851,,,,,,,,,,,,,,
452,,,,,,,,,,,,,,
297,,,,,,,,,,,,,,
758,,,,,,,,,,,,,,
1409,,,,,,,,,,,,,,
380,,,,,,,,,,,,,,
1742,,,,,,,,,,,,,,
1741,,,,,,,,,,,,,,1.0
1197,,,,,,,,,,,,,,
116,,,,,,,,,,,,,,
362,,,,,,,,,,,,,,
1636,,,,,,,,,,,,,,
1780,,,,,,,,,,,,,,0.0
400,,,,,,,,,,,,,,
159,,,,,,,,,,,,,,
925,,,,,,,,,,,,,,
1445,,,,,,,,,,,,,,0.0
670,,,,,,,,,,,,,,
2608,,,,,,,,,,,,,,0.0
963,,,,,,,,,,,,,,
1048,,,,,,,,,,,,,,
1607,,,,,,,,,,,,,,1.0
1236,,,,,,,,,,,,,,
2660,,,,,,,,,,,,,,
209,,,,,,,,,,,,,,
356,,,,,,,,,,,,,,
2433,,,,,,,,,,,,,,
1063,,,,,,,,,,,,,,
983,,,,,,,,,,,,,,
797,,,,,,,,,,,,,,
1309,,,,,,,,,,,,,,
1900,,,,,,,,,,,,,,1.0
1964,,,,,,,,,,,,,,
502,,,,,,,,,,,,,,
1316,,,,,,,,,,,,,,
1745,,,,,,,,,,,,,,
607,,,,,,,,,,,,,,
1536,,,,,,,,,,,,,,0.0
972,,,,,,,,,,,,,,
859,,,,,,,,,,,,,,
2663,,,,,,,,,,,,,,0.0
213,,,,,,,,,,,,,,
1315,,,,,,,,,,,,,,
2004,,,,,,,,,,,,,,
2035,,,,,,,,,,,,,,0.0
1883,,,,,,,,,,,,,,
1668,,,,,,,,,,,,,,
1517,,,,,,,,,,,,,,
148,,,,,,,,,,,,,,
982,,,,,,,,,,,,,,
2059,,,,,,,,,,,,,,0.0
2682,,,,,,,,,,,,,,0.0
2224,,,,,,,,,,,,,,1.0
2577,,,,,,,,,,,,,,0.0
2128,,,,,,,,,,,,,,0.0
1219,,,,,,,,,,,,,,
2043,,,,,,,,,,,,,,0.0
2192,,,,,,,,,,,,,,0.0
782,,,,,,,,,,,,,,
1044,,,,,,,,,,,,,,
1582,,,,,,,,,,,,,,
1299,,,,,,,,,,,,,,
861,,,,,,,,,,,,,,
1290,,,,,,,,,,,,,,
1617,,,,,,,,,,,,,,
465,,,,,,,,,,,,,,
379,,,,,,,,,,,,,,
2180,,,,,,,,,,,,,,0.0
2113,,,,,,,,,,,,,,0.0
2652,,,,,,,,,,,,,,
1744,,,,,,,,,,,,,,0.0
1050,,,,,,,,,,,,,,
2868,,,,,,,,,,,,,,0.0
144,,,,,,,,,,,,,,
2065,,,,,,,,,,,,,,1.0
1424,,,,,,,,,,,,,,
740,,,,,,,,,,,,,,
1482,,,,,,,,,,,,,,0.0
1955,,,,,,,,,,,,,,0.0
1767,,,,,,,,,,,,,,1.0
2558,,,,,,,,,,,,,,0.0
241,,,,,,,,,,,,,,
1098,,,,,,,,,,,,,,
1765,,,,,,,,,,,,,,
964,,,,,,,,,,,,,,
1043,,,,,,,,,,,,,,
2077,,,,,,,,,,,,,,1.0
1610,,,,,,,,,,,,,,
30,,,,,,,,,,,,,,
545,,,,,,,,,,,,,,
331,,,,,,,,,,,,,,
1001,,,,,,,,,,,,,,
1605,,,,,,,,,,,,,,
475,,,,,,,,,,,,,,
424,,,,,,,,,,,,,,
369,,,,,,,,,,,,,,
489,,,,,,,,,,,,,,
2173,,,,,,,,,,,,,,
2572,,,,,,,,,,,,,,0.0
2350,,,,,,,,,,,,,,0.0
96,,,,,,,,,,,,,,
1939,,,,,,,,,,,,,,0.0
2548,,,,,,,,,,,,,,1.0
313,,,,,,,,,,,,,,
664,,,,,,,,,,,,,,
587,,,,,,,,,,,,,,
2382,,,,,,,,,,,,,,0.0
2256,,,,,,,,,,,,,,0.0
2172,,,,,,,,,,,,,,
1613,,,,,,,,,,,,,,
2515,,,,,,,,,,,,,,
970,,,,,,,,,,,,,,
2047,,,,,,,,,,,,,,1.0
101,,,,,,,,,,,,,,
1798,,,,,,,,,,,,,,0.0
2852,,,,,,,,,,,,,,
887,,,,,,,,,,,,,,
1704,,,,,,,,,,,,,,
747,,,,,,,,,,,,,,
1560,,,,,,,,,,,,,,
2093,,,,,,,,,,,,,,
2136,,,,,,,,,,,,,,
1917,,,,,,,,,,,,,,
2297,,,,,,,,,,,,,,
2483,,,,,,,,,,,,,,
1711,,,,,,,,,,,,,,
595,,,,,,,,,,,,,,
366,,,,,,,,,,,,,,
1361,,,,,,,,,,,,,,
121,,,,,,,,,,,,,,
1449,,,,,,,,,,,,,,
1339,,,,,,,,,,,,,,
340,,,,,,,,,,,,,,
448,,,,,,,,,,,,,,
415,,,,,,,,,,,,,,
1519,,,,,,,,,,,,,,
804,,,,,,,,,,,,,,
926,,,,,,,,,,,,,,
1725,,,,,,,,,,,,,,
2107,,,,,,,,,,,,,,0.0
2115,,,,,,,,,,,,,,0.0
1762,,,,,,,,,,,,,,
1579,,,,,,,,,,,,,,0.0
834,,,,,,,,,,,,,,
2238,,,,,,,,,,,,,,0.0
1839,,,,,,,,,,,,,,0.0
2838,,,,,,,,,,,,,,1.0
868,,,,,,,,,,,,,,
1332,,,,,,,,,,,,,,
266,,,,,,,,,,,,,,
8,,,,,,,,,,,,,,
944,,,,,,,,,,,,,,
945,,,,,,,,,,,,,,
2246,,,,,,,,,,,,,,0.0
551,,,,,,,,,,,,,,
2097,,,,,,,,,,,,,,
1179,,,,,,,,,,,,,,
250,,,,,,,,,,,,,,
1083,,,,,,,,,,,,,,
382,,,,,,,,,,,,,,
2118,,,,,,,,,,,,,,
183,,,,,,,,,,,,,,
0,,,,,,,,,,,,,,
226,,,,,,,,,,,,,,
1793,,,,,,,,,,,,,,0.0
2566,,,,,,,,,,,,,,1.0
93,,,,,,,,,,,,,,
517,,,,,,,,,,,,,,
2358,,,,,,,,,,,,,,1.0
1858,,,,,,,,,,,,,,
9,,,,,,,,,,,,,,
798,,,,,,,,,,,,,,
2575,,,,,,,,,,,,,,
1886,,,,,,,,,,,,,,
2159,,,,,,,,,,,,,,
2523,,,,,,,,,,,,,,
2586,,,,,,,,,,,,,,
2561,,,,,,,,,,,,,,1.0
1590,,,,,,,,,,,,,,1.0
2474,,,,,,,,,,,,,,0.0
361,,,,,,,,,,,,,,
556,,,,,,,,,,,,,,
840,,,,,,,,,,,,,,
1476,,,,,,,,,,,,,,
661,,,,,,,,,,,,,,
1447,,,,,,,,,,,,,,0.0
1820,,,,,,,,,,,,,,
2472,,,,,,,,,,,,,,0.0
508,,,,,,,,,,,,,,
1534,,,,,,,,,,,,,,
1660,,,,,,,,,,,,,,0.0
206,,,,,,,,,,,,,,
1233,,,,,,,,,,,,,,
333,,,,,,,,,,,,,,
343,,,,,,,,,,,,,,
2170,,,,,,,,,,,,,,
1838,,,,,,,,,,,,,,
2636,,,,,,,,,,,,,,
1163,,,,,,,,,,,,,,
847,,,,,,,,,,,,,,
550,,,,,,,,,,,,,,
2162,,,,,,,,,,,,,,
2094,,,,,,,,,,,,,,1.0
1828,,,,,,,,,,,,,,
1485,,,,,,,,,,,,,,0.0
989,,,,,,,,,,,,,,
2541,,,,,,,,,,,,,,
1987,,,,,,,,,,,,,,0.0
1905,,,,,,,,,,,,,,
620,,,,,,,,,,,,,,
430,,,,,,,,,,,,,,
2706,,,,,,,,,,,,,,0.0
187,,,,,,,,,,,,,,
1786,,,,,,,,,,,,,,1.0
175,,,,,,,,,,,,,,
902,,,,,,,,,,,,,,
2410,,,,,,,,,,,,,,
765,,,,,,,,,,,,,,
33,,,,,,,,,,,,,,
2209,,,,,,,,,,,,,,1.0
1557,,,,,,,,,,,,,,
2540,,,,,,,,,,,,,,
1049,,,,,,,,,,,,,,
2317,,,,,,,,,,,,,,1.0
2249,,,,,,,,,,,,,,
1773,,,,,,,,,,,,,,0.0
2782,,,,,,,,,,,,,,1.0
2664,,,,,,,,,,,,,,
514,,,,,,,,,,,,,,
277,,,,,,,,,,,,,,
2606,,,,,,,,,,,,,,0.0
2737,,,,,,,,,,,,,,1.0
1466,,,,,,,,,,,,,,
531,,,,,,,,,,,,,,
196,,,,,,,,,,,,,,
1227,,,,,,,,,,,,,,
2260,,,,,,,,,,,,,,0.0
2601,,,,,,,,,,,,,,
2438,,,,,,,,,,,,,,
1818,,,,,,,,,,,,,,
767,,,,,,,,,,,,,,
1736,,,,,,,,,,,,,,
917,,,,,,,,,,,,,,
1100,,,,,,,,,,,,,,
1510,,,,,,,,,,,,,,
2620,,,,,,,,,,,,,,
1218,,,,,,,,,,,,,,
773,,,,,,,,,,,,,,
53,,,,,,,,,,,,,,
1524,,,,,,,,,,,,,,1.0
1937,,,,,,,,,,,,,,
7,,,,,,,,,,,,,,
520,,,,,,,,,,,,,,
2388,,,,,,,,,,,,,,0.0
1931,,,,,,,,,,,,,,
1241,,,,,,,,,,,,,,
2158,,,,,,,,,,,,,,0.0
1540,,,,,,,,,,,,,,1.0
1376,,,,,,,,,,,,,,
2029,,,,,,,,,,,,,,
2165,,,,,,,,,,,,,,0.0
1758,,,,,,,,,,,,,,
1942,,,,,,,,,,,,,,1.0
2683,,,,,,,,,,,,,,0.0
2598,,,,,,,,,,,,,,1.0
1377,,,,,,,,,,,,,,
1555,,,,,,,,,,,,,,
351,,,,,,,,,,,,,,
1961,,,,,,,,,,,,,,1.0
1364,,,,,,,,,,,,,,
2058,,,,,,,,,,,,,,0.0
2116,,,,,,,,,,,,,,
1644,,,,,,,,,,,,,,
2429,,,,,,,,,,,,,,0.0
1797,,,,,,,,,,,,,,
417,,,,,,,,,,,,,,
2250,,,,,,,,,,,,,,
683,,,,,,,,,,,,,,
726,,,,,,,,,,,,,,
1520,,,,,,,,,,,,,,0.0
2400,,,,,,,,,,,,,,0.0
971,,,,,,,,,,,,,,
254,,,,,,,,,,,,,,
1297,,,,,,,,,,,,,,
2759,,,,,,,,,,,,,,
307,,,,,,,,,,,,,,
310,,,,,,,,,,,,,,
2039,,,,,,,,,,,,,,1.0
431,,,,,,,,,,,,,,
1118,,,,,,,,,,,,,,
774,,,,,,,,,,,,,,
232,,,,,,,,,,,,,,
2723,,,,,,,,,,,,,,1.0
98,,,,,,,,,,,,,,
757,,,,,,,,,,,,,,
2668,,,,,,,,,,,,,,0.0
2530,,,,,,,,,,,,,,
2812,,,,,,,,,,,,,,1.0
1207,,,,,,,,,,,,,,
2588,,,,,,,,,,,,,,0.0
2458,,,,,,,,,,,,,,0.0
1154,,,,,,,,,,,,,,
2609,,,,,,,,,,,,,,0.0
1750,,,,,,,,,,,,,,
2778,,,,,,,,,,,,,,
2101,,,,,,,,,,,,,,
900,,,,,,,,,,,,,,
566,,,,,,,,,,,,,,
112,,,,,,,,,,,,,,
1061,,,,,,,,,,,,,,
78,,,,,,,,,,,,,,
2747,,,,,,,,,,,,,,1.0
633,,,,,,,,,,,,,,
2395,,,,,,,,,,,,,,0.0
2130,,,,,,,,,,,,,,0.0
2181,,,,,,,,,,,,,,1.0
562,,,,,,,,,,,,,,
923,,,,,,,,,,,,,,
282,,,,,,,,,,,,,,
957,,,,,,,,,,,,,,
31,,,,,,,,,,,,,,
1527,,,,,,,,,,,,,,
1372,,,,,,,,,,,,,,
2188,,,,,,,,,,,,,,
1776,,,,,,,,,,,,,,1.0
2347,,,,,,,,,,,,,,
947,,,,,,,,,,,,,,
1383,,,,,,,,,,,,,,
523,,,,,,,,,,,,,,
1287,,,,,,,,,,,,,,
2296,,,,,,,,,,,,,,
221,,,,,,,,,,,,,,
2781,,,,,,,,,,,,,,1.0
223,,,,,,,,,,,,,,
2418,,,,,,,,,,,,,,
1260,,,,,,,,,,,,,,
1326,,,,,,,,,,,,,,
2425,,,,,,,,,,,,,,
2730,,,,,,,,,,,,,,0.0
610,,,,,,,,,,,,,,
1606,,,,,,,,,,,,,,
405,,,,,,,,,,,,,,
377,,,,,,,,,,,,,,
2169,,,,,,,,,,,,,,
2343,,,,,,,,,,,,,,0.0
2647,,,,,,,,,,,,,,1.0
1388,,,,,,,,,,,,,,
621,,,,,,,,,,,,,,
880,,,,,,,,,,,,,,
1683,,,,,,,,,,,,,,
1088,,,,,,,,,,,,,,
1788,,,,,,,,,,,,,,1.0
612,,,,,,,,,,,,,,
1457,,,,,,,,,,,,,,
387,,,,,,,,,,,,,,
37,,,,,,,,,,,,,,
1963,,,,,,,,,,,,,,1.0
2669,,,,,,,,,,,,,,
1902,,,,,,,,,,,,,,0.0
1017,,,,,,,,,,,,,,
15,,,,,,,,,,,,,,
2060,,,,,,,,,,,,,,
703,,,,,,,,,,,,,,
2012,,,,,,,,,,,,,,
1627,,,,,,,,,,,,,,
2075,,,,,,,,,,,,,,0.0
1021,,,,,,,,,,,,,,
2215,,,,,,,,,,,,,,
296,,,,,,,,,,,,,,
2282,,,,,,,,,,,,,,0.0
472,,,,,,,,,,,,,,
40,,,,,,,,,,,,,,
1676,,,,,,,,,,,,,,1.0
1015,,,,,,,,,,,,,,
1583,,,,,,,,,,,,,,0.0
1432,,,,,,,,,,,,,,
1532,,,,,,,,,,,,,,
1513,,,,,,,,,,,,,,
2853,,,,,,,,,,,,,,0.0
130,,,,,,,,,,,,,,
464,,,,,,,,,,,,,,
1869,,,,,,,,,,,,,,0.0
1831,,,,,,,,,,,,,,0.0
2826,,,,,,,,,,,,,,0.0
2589,,,,,,,,,,,,,,
1738,,,,,,,,,,,,,,1.0
625,,,,,,,,,,,,,,
771,,,,,,,,,,,,,,
1994,,,,,,,,,,,,,,1.0
2308,,,,,,,,,,,,,,0.0
429,,,,,,,,,,,,,,
739,,,,,,,,,,,,,,
488,,,,,,,,,,,,,,
1981,,,,,,,,,,,,,,0.0
252,,,,,,,,,,,,,,
808,,,,,,,,,,,,,,
738,,,,,,,,,,,,,,
487,,,,,,,,,,,,,,
2512,,,,,,,,,,,,,,
791,,,,,,,,,,,,,,
2610,,,,,,,,,,,,,,
486,,,,,,,,,,,,,,
1819,,,,,,,,,,,,,,
1614,,,,,,,,,,,,,,
1848,,,,,,,,,,,,,,
1760,,,,,,,,,,,,,,
2873,,,,,,,,,,,,,,0.0
920,,,,,,,,,,,,,,
1181,,,,,,,,,,,,,,
2132,,,,,,,,,,,,,,0.0
2526,,,,,,,,,,,,,,
2305,,,,,,,,,,,,,,0.0
730,,,,,,,,,,,,,,
2503,,,,,,,,,,,,,,
2573,,,,,,,,,,,,,,1.0
2316,,,,,,,,,,,,,,1.0
2765,,,,,,,,,,,,,,
262,,,,,,,,,,,,,,
1572,,,,,,,,,,,,,,
49,,,,,,,,,,,,,,
812,,,,,,,,,,,,,,
1104,,,,,,,,,,,,,,
2193,,,,,,,,,,,,,,0.0
210,,,,,,,,,,,,,,
2205,,,,,,,,,,,,,,
2642,,,,,,,,,,,,,,1.0
2684,,,,,,,,,,,,,,
143,,,,,,,,,,,,,,
1602,,,,,,,,,,,,,,1.0
1344,,,,,,,,,,,,,,
181,,,,,,,,,,,,,,
1967,,,,,,,,,,,,,,
2784,,,,,,,,,,,,,,
938,,,,,,,,,,,,,,
1515,,,,,,,,,,,,,,1.0
776,,,,,,,,,,,,,,
2444,,,,,,,,,,,,,,0.0
1756,,,,,,,,,,,,,,
2291,,,,,,,,,,,,,,0.0
2825,,,,,,,,,,,,,,0.0
2359,,,,,,,,,,,,,,
2678,,,,,,,,,,,,,,0.0
326,,,,,,,,,,,,,,
635,,,,,,,,,,,,,,
1363,,,,,,,,,,,,,,
2820,,,,,,,,,,,,,,
1119,,,,,,,,,,,,,,
115,,,,,,,,,,,,,,
1201,,,,,,,,,,,,,,
1531,,,,,,,,,,,,,,0.0
1437,,,,,,,,,,,,,,
1575,,,,,,,,,,,,,,
2824,,,,,,,,,,,,,,
202,,,,,,,,,,,,,,
423,,,,,,,,,,,,,,
1492,,,,,,,,,,,,,,
411,,,,,,,,,,,,,,
2026,,,,,,,,,,,,,,
264,,,,,,,,,,,,,,
2855,,,,,,,,,,,,,,1.0
1427,,,,,,,,,,,,,,
2818,,,,,,,,,,,,,,
516,,,,,,,,,,,,,,
2649,,,,,,,,,,,,,,0.0
353,,,,,,,,,,,,,,
2415,,,,,,,,,,,,,,0.0
2054,,,,,,,,,,,,,,0.0
373,,,,,,,,,,,,,,
1692,,,,,,,,,,,,,,0.0
1398,,,,,,,,,,,,,,
243,,,,,,,,,,,,,,
574,,,,,,,,,,,,,,
1999,,,,,,,,,,,,,,
113,,,,,,,,,,,,,,
2630,,,,,,,,,,,,,,0.0
1526,,,,,,,,,,,,,,
1882,,,,,,,,,,,,,,1.0
1373,,,,,,,,,,,,,,
2197,,,,,,,,,,,,,,
490,,,,,,,,,,,,,,
1608,,,,,,,,,,,,,,
2351,,,,,,,,,,,,,,1.0
863,,,,,,,,,,,,,,
2624,,,,,,,,,,,,,,
690,,,,,,,,,,,,,,
1138,,,,,,,,,,,,,,
294,,,,,,,,,,,,,,
2076,,,,,,,,,,,,,,1.0
2860,,,,,,,,,,,,,,1.0
1801,,,,,,,,,,,,,,0.0
1990,,,,,,,,,,,,,,0.0
2423,,,,,,,,,,,,,,
1406,,,,,,,,,,,,,,
2847,,,,,,,,,,,,,,
468,,,,,,,,,,,,,,
166,,,,,,,,,,,,,,
853,,,,,,,,,,,,,,
1936,,,,,,,,,,,,,,
1551,,,,,,,,,,,,,,
1411,,,,,,,,,,,,,,
903,,,,,,,,,,,,,,
2795,,,,,,,,,,,,,,1.0
1250,,,,,,,,,,,,,,
2334,,,,,,,,,,,,,,
1380,,,,,,,,,,,,,,
2694,,,,,,,,,,,,,,
2806,,,,,,,,,,,,,,0.0
1313,,,,,,,,,,,,,,
1160,,,,,,,,,,,,,,
2681,,,,,,,,,,,,,,0.0
478,,,,,,,,,,,,,,
1535,,,,,,,,,,,,,,
2145,,,,,,,,,,,,,,
341,,,,,,,,,,,,,,
2086,,,,,,,,,,,,,,
1891,,,,,,,,,,,,,,
1909,,,,,,,,,,,,,,1.0
1140,,,,,,,,,,,,,,
2724,,,,,,,,,,,,,,0.0
1952,,,,,,,,,,,,,,0.0
1825,,,,,,,,,,,,,,
1895,,,,,,,,,,,,,,
2563,,,,,,,,,,,,,,
2335,,,,,,,,,,,,,,0.0
2261,,,,,,,,,,,,,,
1189,,,,,,,,,,,,,,
108,,,,,,,,,,,,,,
878,,,,,,,,,,,,,,
2424,,,,,,,,,,,,,,
936,,,,,,,,,,,,,,
772,,,,,,,,,,,,,,
2390,,,,,,,,,,,,,,
1145,,,,,,,,,,,,,,
1867,,,,,,,,,,,,,,0.0
748,,,,,,,,,,,,,,
2278,,,,,,,,,,,,,,0.0
2015,,,,,,,,,,,,,,
2504,,,,,,,,,,,,,,
1245,,,,,,,,,,,,,,
1384,,,,,,,,,,,,,,
2141,,,,,,,,,,,,,,0.0
2378,,,,,,,,,,,,,,1.0
1570,,,,,,,,,,,,,,
409,,,,,,,,,,,,,,
1475,,,,,,,,,,,,,,
2324,,,,,,,,,,,,,,0.0
2340,,,,,,,,,,,,,,1.0
1042,,,,,,,,,,,,,,
1382,,,,,,,,,,,,,,
2147,,,,,,,,,,,,,,0.0
64,,,,,,,,,,,,,,
1862,,,,,,,,,,,,,,
1130,,,,,,,,,,,,,,
1988,,,,,,,,,,,,,,0.0
1491,,,,,,,,,,,,,,
2542,,,,,,,,,,,,,,
527,,,,,,,,,,,,,,
1178,,,,,,,,,,,,,,
1563,,,,,,,,,,,,,,
2756,,,,,,,,,,,,,,0.0
807,,,,,,,,,,,,,,
2691,,,,,,,,,,,,,,1.0
1413,,,,,,,,,,,,,,
2564,,,,,,,,,,,,,,
70,,,,,,,,,,,,,,
1082,,,,,,,,,,,,,,
2710,,,,,,,,,,,,,,1.0
522,,,,,,,,,,,,,,
2827,,,,,,,,,,,,,,
2492,,,,,,,,,,,,,,0.0
239,,,,,,,,,,,,,,
315,,,,,,,,,,,,,,
1371,,,,,,,,,,,,,,
1265,,,,,,,,,,,,,,
2582,,,,,,,,,,,,,,
2808,,,,,,,,,,,,,,
1209,,,,,,,,,,,,,,
2658,,,,,,,,,,,,,,0.0
1635,,,,,,,,,,,,,,
1386,,,,,,,,,,,,,,
701,,,,,,,,,,,,,,
2841,,,,,,,,,,,,,,1.0
2143,,,,,,,,,,,,,,
688,,,,,,,,,,,,,,
1980,,,,,,,,,,,,,,0.0
426,,,,,,,,,,,,,,
1514,,,,,,,,,,,,,,
82,,,,,,,,,,,,,,
1498,,,,,,,,,,,,,,0.0
720,,,,,,,,,,,,,,
86,,,,,,,,,,,,,,
1159,,,,,,,,,,,,,,
1051,,,,,,,,,,,,,,
608,,,,,,,,,,,,,,
2432,,,,,,,,,,,,,,1.0
1210,,,,,,,,,,,,,,
1946,,,,,,,,,,,,,,0.0
623,,,,,,,,,,,,,,
1144,,,,,,,,,,,,,,
532,,,,,,,,,,,,,,
896,,,,,,,,,,,,,,
2389,,,,,,,,,,,,,,1.0
1469,,,,,,,,,,,,,,0.0
2243,,,,,,,,,,,,,,
1661,,,,,,,,,,,,,,0.0
2543,,,,,,,,,,,,,,
2551,,,,,,,,,,,,,,1.0
848,,,,,,,,,,,,,,
66,,,,,,,,,,,,,,
2446,,,,,,,,,,,,,,0.0
372,,,,,,,,,,,,,,
1468,,,,,,,,,,,,,,
2464,,,,,,,,,,,,,,
1011,,,,,,,,,,,,,,
172,,,,,,,,,,,,,,
1889,,,,,,,,,,,,,,1.0
2052,,,,,,,,,,,,,,1.0
2420,,,,,,,,,,,,,,0.0
2306,,,,,,,,,,,,,,0.0
304,,,,,,,,,,,,,,
2872,,,,,,,,,,,,,,1.0
2240,,,,,,,,,,,,,,0.0
2374,,,,,,,,,,,,,,
2819,,,,,,,,,,,,,,
731,,,,,,,,,,,,,,
476,,,,,,,,,,,,,,
611,,,,,,,,,,,,,,
1678,,,,,,,,,,,,,,0.0
2845,,,,,,,,,,,,,,0.0
733,,,,,,,,,,,,,,
831,,,,,,,,,,,,,,
1682,,,,,,,,,,,,,,
2861,,,,,,,,,,,,,,
1690,,,,,,,,,,,,,,
2191,,,,,,,,,,,,,,0.0
1125,,,,,,,,,,,,,,
2353,,,,,,,,,,,,,,
1545,,,,,,,,,,,,,,
618,,,,,,,,,,,,,,
2111,,,,,,,,,,,,,,
2468,,,,,,,,,,,,,,1.0
1672,,,,,,,,,,,,,,
2463,,,,,,,,,,,,,,1.0
734,,,,,,,,,,,,,,
1724,,,,,,,,,,,,,,
1631,,,,,,,,,,,,,,
2545,,,,,,,,,,,,,,1.0
1554,,,,,,,,,,,,,,
1180,,,,,,,,,,,,,,
910,,,,,,,,,,,,,,
1403,,,,,,,,,,,,,,
2839,,,,,,,,,,,,,,0.0
89,,,,,,,,,,,,,,
1415,,,,,,,,,,,,,,
1958,,,,,,,,,,,,,,1.0
2146,,,,,,,,,,,,,,
691,,,,,,,,,,,,,,
2768,,,,,,,,,,,,,,1.0
1698,,,,,,,,,,,,,,1.0
2803,,,,,,,,,,,,,,
2753,,,,,,,,,,,,,,
2125,,,,,,,,,,,,,,
2381,,,,,,,,,,,,,,0.0
2449,,,,,,,,,,,,,,0.0
590,,,,,,,,,,,,,,
601,,,,,,,,,,,,,,
1544,,,,,,,,,,,,,,
555,,,,,,,,,,,,,,
455,,,,,,,,,,,,,,
2357,,,,,,,,,,,,,,
2780,,,,,,,,,,,,,,
1675,,,,,,,,,,,,,,0.0
802,,,,,,,,,,,,,,
466,,,,,,,,,,,,,,
189,,,,,,,,,,,,,,
1677,,,,,,,,,,,,,,
1134,,,,,,,,,,,,,,
552,,,,,,,,,,,,,,
1913,,,,,,,,,,,,,,
1953,,,,,,,,,,,,,,
700,,,,,,,,,,,,,,
2277,,,,,,,,,,,,,,
2559,,,,,,,,,,,,,,1.0
1598,,,,,,,,,,,,,,0.0
941,,,,,,,,,,,,,,
2048,,,,,,,,,,,,,,
2112,,,,,,,,,,,,,,0.0
1066,,,,,,,,,,,,,,
2294,,,,,,,,,,,,,,
999,,,,,,,,,,,,,,
1876,,,,,,,,,,,,,,1.0
2822,,,,,,,,,,,,,,0.0
1304,,,,,,,,,,,,,,
2342,,,,,,,,,,,,,,0.0
2005,,,,,,,,,,,,,,0.0
994,,,,,,,,,,,,,,
496,,,,,,,,,,,,,,
1200,,,,,,,,,,,,,,
192,,,,,,,,,,,,,,
36,,,,,,,,,,,,,,
1495,,,,,,,,,,,,,,
1592,,,,,,,,,,,,,,0.0
2690,,,,,,,,,,,,,,1.0
1108,,,,,,,,,,,,,,
389,,,,,,,,,,,,,,
629,,,,,,,,,,,,,,
1914,,,,,,,,,,,,,,
966,,,,,,,,,,,,,,
1148,,,,,,,,,,,,,,
1091,,,,,,,,,,,,,,
2447,,,,,,,,,,,,,,
1132,,,,,,,,,,,,,,
2655,,,,,,,,,,,,,,
2502,,,,,,,,,,,,,,0.0
2103,,,,,,,,,,,,,,0.0
958,,,,,,,,,,,,,,
1481,,,,,,,,,,,,,,0.0
322,,,,,,,,,,,,,,
2367,,,,,,,,,,,,,,
870,,,,,,,,,,,,,,
749,,,,,,,,,,,,,,
2156,,,,,,,,,,,,,,
1151,,,,,,,,,,,,,,
2365,,,,,,,,,,,,,,
2635,,,,,,,,,,,,,,
537,,,,,,,,,,,,,,
1997,,,,,,,,,,,,,,
1586,,,,,,,,,,,,,,
1945,,,,,,,,,,,,,,
1957,,,,,,,,,,,,,,0.0
1359,,,,,,,,,,,,,,
20,,,,,,,,,,,,,,
736,,,,,,,,,,,,,,
1673,,,,,,,,,,,,,,
2140,,,,,,,,,,,,,,1.0
497,,,,,,,,,,,,,,
1488,,,,,,,,,,,,,,
137,,,,,,,,,,,,,,
1518,,,,,,,,,,,,,,
261,,,,,,,,,,,,,,
1637,,,,,,,,,,,,,,
199,,,,,,,,,,,,,,
1240,,,,,,,,,,,,,,
1030,,,,,,,,,,,,,,
820,,,,,,,,,,,,,,
1274,,,,,,,,,,,,,,
1973,,,,,,,,,,,,,,
428,,,,,,,,,,,,,,
2362,,,,,,,,,,,,,,1.0
450,,,,,,,,,,,,,,
647,,,,,,,,,,,,,,
1960,,,,,,,,,,,,,,
548,,,,,,,,,,,,,,
346,,,,,,,,,,,,,,
2715,,,,,,,,,,,,,,
781,,,,,,,,,,,,,,
2311,,,,,,,,,,,,,,
2656,,,,,,,,,,,,,,
570,,,,,,,,,,,,,,
2236,,,,,,,,,,,,,,
1014,,,,,,,,,,,,,,
52,,,,,,,,,,,,,,
1778,,,,,,,,,,,,,,1.0
679,,,,,,,,,,,,,,
2268,,,,,,,,,,,,,,
2392,,,,,,,,,,,,,,0.0
1214,,,,,,,,,,,,,,
1815,,,,,,,,,,,,,,
547,,,,,,,,,,,,,,
1334,,,,,,,,,,,,,,
806,,,,,,,,,,,,,,
1875,,,,,,,,,,,,,,
952,,,,,,,,,,,,,,
1662,,,,,,,,,,,,,,1.0
1584,,,,,,,,,,,,,,0.0
2522,,,,,,,,,,,,,,0.0
759,,,,,,,,,,,,,,
727,,,,,,,,,,,,,,
246,,,,,,,,,,,,,,
1633,,,,,,,,,,,,,,0.0
2119,,,,,,,,,,,,,,0.0
1916,,,,,,,,,,,,,,
2009,,,,,,,,,,,,,,
1295,,,,,,,,,,,,,,
2151,,,,,,,,,,,,,,
2670,,,,,,,,,,,,,,0.0
1577,,,,,,,,,,,,,,1.0
287,,,,,,,,,,,,,,
2809,,,,,,,,,,,,,,
2695,,,,,,,,,,,,,,
2200,,,,,,,,,,,,,,0.0
1251,,,,,,,,,,,,,,
639,,,,,,,,,,,,,,
2085,,,,,,,,,,,,,,1.0
2751,,,,,,,,,,,,,,1.0
1031,,,,,,,,,,,,,,
1038,,,,,,,,,,,,,,
14,,,,,,,,,,,,,,
1110,,,,,,,,,,,,,,
2662,,,,,,,,,,,,,,1.0
2612,,,,,,,,,,,,,,
1333,,,,,,,,,,,,,,
978,,,,,,,,,,,,,,
1352,,,,,,,,,,,,,,
2531,,,,,,,,,,,,,,
458,,,,,,,,,,,,,,
479,,,,,,,,,,,,,,
1800,,,,,,,,,,,,,,0.0
317,,,,,,,,,,,,,,
494,,,,,,,,,,,,,,
800,,,,,,,,,,,,,,
1940,,,,,,,,,,,,,,0.0
2538,,,,,,,,,,,,,,0.0
1665,,,,,,,,,,,,,,0.0
2021,,,,,,,,,,,,,,1.0
852,,,,,,,,,,,,,,
2220,,,,,,,,,,,,,,1.0
1569,,,,,,,,,,,,,,0.0
1341,,,,,,,,,,,,,,
1947,,,,,,,,,,,,,,
533,,,,,,,,,,,,,,
2322,,,,,,,,,,,,,,0.0
1281,,,,,,,,,,,,,,
1949,,,,,,,,,,,,,,
77,,,,,,,,,,,,,,
2006,,,,,,,,,,,,,,
139,,,,,,,,,,,,,,
100,,,,,,,,,,,,,,
2066,,,,,,,,,,,,,,
1959,,,,,,,,,,,,,,
1256,,,,,,,,,,,,,,
200,,,,,,,,,,,,,,
980,,,,,,,,,,,,,,
1628,,,,,,,,,,,,,,0.0
1428,,,,,,,,,,,,,,
1164,,,,,,,,,,,,,,
1734,,,,,,,,,,,,,,
1479,,,,,,,,,,,,,,
1954,,,,,,,,,,,,,,
2401,,,,,,,,,,,,,,
1753,,,,,,,,,,,,,,
1784,,,,,,,,,,,,,,
2843,,,,,,,,,,,,,,1.0
505,,,,,,,,,,,,,,
443,,,,,,,,,,,,,,
1400,,,,,,,,,,,,,,
1924,,,,,,,,,,,,,,0.0
2213,,,,,,,,,,,,,,0.0
2038,,,,,,,,,,,,,,
2341,,,,,,,,,,,,,,1.0
73,,,,,,,,,,,,,,
1027,,,,,,,,,,,,,,
694,,,,,,,,,,,,,,
1081,,,,,,,,,,,,,,
80,,,,,,,,,,,,,,
768,,,,,,,,,,,,,,
2040,,,,,,,,,,,,,,0.0
1799,,,,,,,,,,,,,,0.0
1926,,,,,,,,,,,,,,1.0
1369,,,,,,,,,,,,,,
274,,,,,,,,,,,,,,
194,,,,,,,,,,,,,,
1443,,,,,,,,,,,,,,0.0
793,,,,,,,,,,,,,,
576,,,,,,,,,,,,,,
1331,,,,,,,,,,,,,,
937,,,,,,,,,,,,,,
1381,,,,,,,,,,,,,,
1186,,,,,,,,,,,,,,
363,,,,,,,,,,,,,,
2520,,,,,,,,,,,,,,1.0
2764,,,,,,,,,,,,,,1.0
2745,,,,,,,,,,,,,,
1222,,,,,,,,,,,,,,
228,,,,,,,,,,,,,,
986,,,,,,,,,,,,,,
1529,,,,,,,,,,,,,,1.0
2290,,,,,,,,,,,,,,
2874,,,,,,,,,,,,,,1.0
2744,,,,,,,,,,,,,,1.0
2735,,,,,,,,,,,,,,
2534,,,,,,,,,,,,,,
965,,,,,,,,,,,,,,
1177,,,,,,,,,,,,,,
2484,,,,,,,,,,,,,,0.0
750,,,,,,,,,,,,,,
1846,,,,,,,,,,,,,,0.0
1358,,,,,,,,,,,,,,
1691,,,,,,,,,,,,,,1.0
1868,,,,,,,,,,,,,,
2258,,,,,,,,,,,,,,0.0
2416,,,,,,,,,,,,,,
1995,,,,,,,,,,,,,,0.0
2813,,,,,,,,,,,,,,
330,,,,,,,,,,,,,,
2581,,,,,,,,,,,,,,1.0
2775,,,,,,,,,,,,,,
1893,,,,,,,,,,,,,,0.0
1789,,,,,,,,,,,,,,
1827,,,,,,,,,,,,,,1.0
1253,,,,,,,,,,,,,,
2667,,,,,,,,,,,,,,
2315,,,,,,,,,,,,,,
1285,,,,,,,,,,,,,,
355,,,,,,,,,,,,,,
2570,,,,,,,,,,,,,,
1328,,,,,,,,,,,,,,
2117,,,,,,,,,,,,,,
2511,,,,,,,,,,,,,,0.0
2653,,,,,,,,,,,,,,0.0
1865,,,,,,,,,,,,,,0.0
1232,,,,,,,,,,,,,,
432,,,,,,,,,,,,,,
553,,,,,,,,,,,,,,
2234,,,,,,,,,,,,,,1.0
219,,,,,,,,,,,,,,
2448,,,,,,,,,,,,,,
1537,,,,,,,,,,,,,,1.0
1836,,,,,,,,,,,,,,0.0
2532,,,,,,,,,,,,,,
1779,,,,,,,,,,,,,,1.0
67,,,,,,,,,,,,,,
1421,,,,,,,,,,,,,,
1129,,,,,,,,,,,,,,
2619,,,,,,,,,,,,,,
1751,,,,,,,,,,,,,,0.0
2082,,,,,,,,,,,,,,
934,,,,,,,,,,,,,,
13,,,,,,,,,,,,,,
2833,,,,,,,,,,,,,,1.0
954,,,,,,,,,,,,,,
122,,,,,,,,,,,,,,
2303,,,,,,,,,,,,,,1.0
2408,,,,,,,,,,,,,,
1764,,,,,,,,,,,,,,
238,,,,,,,,,,,,,,
775,,,,,,,,,,,,,,
809,,,,,,,,,,,,,,
186,,,,,,,,,,,,,,
2688,,,,,,,,,,,,,,
54,,,,,,,,,,,,,,
1062,,,,,,,,,,,,,,
987,,,,,,,,,,,,,,
2555,,,,,,,,,,,,,,0.0
2274,,,,,,,,,,,,,,
1152,,,,,,,,,,,,,,
507,,,,,,,,,,,,,,
1217,,,,,,,,,,,,,,
895,,,,,,,,,,,,,,
536,,,,,,,,,,,,,,
1948,,,,,,,,,,,,,,0.0
318,,,,,,,,,,,,,,
654,,,,,,,,,,,,,,
2121,,,,,,,,,,,,,,
2580,,,,,,,,,,,,,,1.0
1096,,,,,,,,,,,,,,
1500,,,,,,,,,,,,,,0.0
1052,,,,,,,,,,,,,,
2431,,,,,,,,,,,,,,
2631,,,,,,,,,,,,,,1.0
722,,,,,,,,,,,,,,
2811,,,,,,,,,,,,,,1.0
874,,,,,,,,,,,,,,
877,,,,,,,,,,,,,,
1484,,,,,,,,,,,,,,
4,,,,,,,,,,,,,,
151,,,,,,,,,,,,,,
2239,,,,,,,,,,,,,,
1231,,,,,,,,,,,,,,
1123,,,,,,,,,,,,,,
2687,,,,,,,,,,,,,,
814,,,,,,,,,,,,,,
2179,,,,,,,,,,,,,,0.0
2360,,,,,,,,,,,,,,0.0
26,,,,,,,,,,,,,,
157,,,,,,,,,,,,,,
23,,,,,,,,,,,,,,
2834,,,,,,,,,,,,,,
935,,,,,,,,,,,,,,
2404,,,,,,,,,,,,,,0.0
1574,,,,,,,,,,,,,,0.0
2025,,,,,,,,,,,,,,
632,,,,,,,,,,,,,,
637,,,,,,,,,,,,,,
2518,,,,,,,,,,,,,,0.0
1998,,,,,,,,,,,,,,
755,,,,,,,,,,,,,,
2379,,,,,,,,,,,,,,
1204,,,,,,,,,,,,,,
1237,,,,,,,,,,,,,,
1280,,,,,,,,,,,,,,
2644,,,,,,,,,,,,,,
84,,,,,,,,,,,,,,
169,,,,,,,,,,,,,,
924,,,,,,,,,,,,,,
641,,,,,,,,,,,,,,
235,,,,,,,,,,,,,,
504,,,,,,,,,,,,,,
538,,,,,,,,,,,,,,
501,,,,,,,,,,,,,,
671,,,,,,,,,,,,,,
1131,,,,,,,,,,,,,,
929,,,,,,,,,,,,,,
2445,,,,,,,,,,,,,,1.0
1249,,,,,,,,,,,,,,
273,,,,,,,,,,,,,,
364,,,,,,,,,,,,,,
689,,,,,,,,,,,,,,
442,,,,,,,,,,,,,,
2129,,,,,,,,,,,,,,0.0
1589,,,,,,,,,,,,,,1.0
383,,,,,,,,,,,,,,
2443,,,,,,,,,,,,,,
1128,,,,,,,,,,,,,,
473,,,,,,,,,,,,,,
2217,,,,,,,,,,,,,,
201,,,,,,,,,,,,,,
2135,,,,,,,,,,,,,,0.0
1715,,,,,,,,,,,,,,1.0
182,,,,,,,,,,,,,,
799,,,,,,,,,,,,,,
104,,,,,,,,,,,,,,
1167,,,,,,,,,,,,,,
974,,,,,,,,,,,,,,
1694,,,,,,,,,,,,,,0.0
1863,,,,,,,,,,,,,,1.0
1187,,,,,,,,,,,,,,
2046,,,,,,,,,,,,,,
2829,,,,,,,,,,,,,,0.0
256,,,,,,,,,,,,,,
1870,,,,,,,,,,,,,,
132,,,,,,,,,,,,,,
575,,,,,,,,,,,,,,
2793,,,,,,,,,,,,,,
1228,,,,,,,,,,,,,,
1296,,,,,,,,,,,,,,
884,,,,,,,,,,,,,,
2096,,,,,,,,,,,,,,
1105,,,,,,,,,,,,,,
2743,,,,,,,,,,,,,,0.0
50,,,,,,,,,,,,,,
1085,,,,,,,,,,,,,,
600,,,,,,,,,,,,,,
1701,,,,,,,,,,,,,,
237,,,,,,,,,,,,,,
1133,,,,,,,,,,,,,,
2062,,,,,,,,,,,,,,1.0
269,,,,,,,,,,,,,,
1851,,,,,,,,,,,,,,0.0
676,,,,,,,,,,,,,,
332,,,,,,,,,,,,,,
2150,,,,,,,,,,,,,,
845,,,,,,,,,,,,,,
414,,,,,,,,,,,,,,
876,,,,,,,,,,,,,,
939,,,,,,,,,,,,,,
2643,,,,,,,,,,,,,,
2760,,,,,,,,,,,,,,0.0
695,,,,,,,,,,,,,,
1775,,,,,,,,,,,,,,
1284,,,,,,,,,,,,,,
2339,,,,,,,,,,,,,,0.0
1490,,,,,,,,,,,,,,
188,,,,,,,,,,,,,,
2455,,,,,,,,,,,,,,
2225,,,,,,,,,,,,,,
1842,,,,,,,,,,,,,,0.0
2248,,,,,,,,,,,,,,
2300,,,,,,,,,,,,,,
2496,,,,,,,,,,,,,,1.0
1685,,,,,,,,,,,,,,
41,,,,,,,,,,,,,,
2210,,,,,,,,,,,,,,0.0
2590,,,,,,,,,,,,,,
2791,,,,,,,,,,,,,,
1626,,,,,,,,,,,,,,0.0
857,,,,,,,,,,,,,,
2480,,,,,,,,,,,,,,
2568,,,,,,,,,,,,,,0.0
463,,,,,,,,,,,,,,
2805,,,,,,,,,,,,,,
1759,,,,,,,,,,,,,,
174,,,,,,,,,,,,,,
1142,,,,,,,,,,,,,,
1012,,,,,,,,,,,,,,
88,,,,,,,,,,,,,,
1549,,,,,,,,,,,,,,
323,,,,,,,,,,,,,,
1562,,,,,,,,,,,,,,
530,,,,,,,,,,,,,,
384,,,,,,,,,,,,,,
1255,,,,,,,,,,,,,,
1697,,,,,,,,,,,,,,0.0
352,,,,,,,,,,,,,,
1362,,,,,,,,,,,,,,
103,,,,,,,,,,,,,,
911,,,,,,,,,,,,,,
953,,,,,,,,,,,,,,
2509,,,,,,,,,,,,,,
1032,,,,,,,,,,,,,,
2133,,,,,,,,,,,,,,
2602,,,,,,,,,,,,,,
1956,,,,,,,,,,,,,,
2701,,,,,,,,,,,,,,1.0
1918,,,,,,,,,,,,,,1.0
2045,,,,,,,,,,,,,,
2486,,,,,,,,,,,,,,
626,,,,,,,,,,,,,,
2727,,,,,,,,,,,,,,1.0
1567,,,,,,,,,,,,,,0.0
1480,,,,,,,,,,,,,,
2585,,,,,,,,,,,,,,0.0
2773,,,,,,,,,,,,,,
1080,,,,,,,,,,,,,,
752,,,,,,,,,,,,,,
24,,,,,,,,,,,,,,
1600,,,,,,,,,,,,,,0.0
1927,,,,,,,,,,,,,,
1908,,,,,,,,,,,,,,0.0
29,,,,,,,,,,,,,,
3,,,,,,,,,,,,,,
1670,,,,,,,,,,,,,,
985,,,,,,,,,,,,,,
1275,,,,,,,,,,,,,,
1035,,,,,,,,,,,,,,
660,,,,,,,,,,,,,,
1512,,,,,,,,,,,,,,1.0
233,,,,,,,,,,,,,,
901,,,,,,,,,,,,,,
1558,,,,,,,,,,,,,,
904,,,,,,,,,,,,,,
1205,,,,,,,,,,,,,,
1659,,,,,,,,,,,,,,
1464,,,,,,,,,,,,,,1.0
1978,,,,,,,,,,,,,,
1070,,,,,,,,,,,,,,
717,,,,,,,,,,,,,,
636,,,,,,,,,,,,,,
2073,,,,,,,,,,,,,,0.0
2106,,,,,,,,,,,,,,
998,,,,,,,,,,,,,,
2079,,,,,,,,,,,,,,
1969,,,,,,,,,,,,,,
1638,,,,,,,,,,,,,,1.0
597,,,,,,,,,,,,,,
2600,,,,,,,,,,,,,,
2228,,,,,,,,,,,,,,
2208,,,,,,,,,,,,,,
2080,,,,,,,,,,,,,,0.0
956,,,,,,,,,,,,,,
2849,,,,,,,,,,,,,,
2176,,,,,,,,,,,,,,
2785,,,,,,,,,,,,,,0.0
1643,,,,,,,,,,,,,,0.0
2016,,,,,,,,,,,,,,0.0
1143,,,,,,,,,,,,,,
2042,,,,,,,,,,,,,,
2088,,,,,,,,,,,,,,
1522,,,,,,,,,,,,,,0.0
1053,,,,,,,,,,,,,,
2018,,,,,,,,,,,,,,
2426,,,,,,,,,,,,,,0.0
1354,,,,,,,,,,,,,,
72,,,,,,,,,,,,,,
290,,,,,,,,,,,,,,
2774,,,,,,,,,,,,,,
2848,,,,,,,,,,,,,,0.0
190,,,,,,,,,,,,,,
1103,,,,,,,,,,,,,,
1571,,,,,,,,,,,,,,
62,,,,,,,,,,,,,,
2155,,,,,,,,,,,,,,
1230,,,,,,,,,,,,,,
540,,,,,,,,,,,,,,
2832,,,,,,,,,,,,,,
140,,,,,,,,,,,,,,
2436,,,,,,,,,,,,,,
2254,,,,,,,,,,,,,,0.0
2166,,,,,,,,,,,,,,
321,,,,,,,,,,,,,,
1190,,,,,,,,,,,,,,
912,,,,,,,,,,,,,,
2537,,,,,,,,,,,,,,
1170,,,,,,,,,,,,,,
1732,,,,,,,,,,,,,,1.0
325,,,,,,,,,,,,,,
2646,,,,,,,,,,,,,,
1305,,,,,,,,,,,,,,
1474,,,,,,,,,,,,,,
348,,,,,,,,,,,,,,
1422,,,,,,,,,,,,,,
1016,,,,,,,,,,,,,,
1663,,,,,,,,,,,,,,
1252,,,,,,,,,,,,,,
2223,,,,,,,,,,,,,,0.0
960,,,,,,,,,,,,,,
295,,,,,,,,,,,,,,
810,,,,,,,,,,,,,,
2348,,,,,,,,,,,,,,
47,,,,,,,,,,,,,,
1709,,,,,,,,,,,,,,
138,,,,,,,,,,,,,,
299,,,,,,,,,,,,,,
1781,,,,,,,,,,,,,,0.0
1389,,,,,,,,,,,,,,
1291,,,,,,,,,,,,,,
2645,,,,,,,,,,,,,,0.0
2207,,,,,,,,,,,,,,
829,,,,,,,,,,,,,,
698,,,,,,,,,,,,,,
2289,,,,,,,,,,,,,,1.0
577,,,,,,,,,,,,,,
2605,,,,,,,,,,,,,,0.0
1078,,,,,,,,,,,,,,
928,,,,,,,,,,,,,,
2017,,,,,,,,,,,,,,0.0
2524,,,,,,,,,,,,,,0.0
483,,,,,,,,,,,,,,
2679,,,,,,,,,,,,,,
2403,,,,,,,,,,,,,,0.0
1639,,,,,,,,,,,,,,1.0
2625,,,,,,,,,,,,,,1.0
2435,,,,,,,,,,,,,,
474,,,,,,,,,,,,,,
1612,,,,,,,,,,,,,,
1864,,,,,,,,,,,,,,
1748,,,,,,,,,,,,,,0.0
1720,,,,,,,,,,,,,,
1702,,,,,,,,,,,,,,1.0
609,,,,,,,,,,,,,,
1505,,,,,,,,,,,,,,0.0
1277,,,,,,,,,,,,,,
272,,,,,,,,,,,,,,
1206,,,,,,,,,,,,,,
2787,,,,,,,,,,,,,,0.0
2307,,,,,,,,,,,,,,1.0
2618,,,,,,,,,,,,,,1.0
281,,,,,,,,,,,,,,
1288,,,,,,,,,,,,,,
2467,,,,,,,,,,,,,,0.0
2178,,,,,,,,,,,,,,
2783,,,,,,,,,,,,,,0.0
2177,,,,,,,,,,,,,,
5,,,,,,,,,,,,,,
2255,,,,,,,,,,,,,,
2525,,,,,,,,,,,,,,
1356,,,,,,,,,,,,,,
48,,,,,,,,,,,,,,
760,,,,,,,,,,,,,,
1458,,,,,,,,,,,,,,
1817,,,,,,,,,,,,,,
2632,,,,,,,,,,,,,,0.0
303,,,,,,,,,,,,,,
131,,,,,,,,,,,,,,
81,,,,,,,,,,,,,,
2024,,,,,,,,,,,,,,
786,,,,,,,,,,,,,,
2237,,,,,,,,,,,,,,
1322,,,,,,,,,,,,,,
1854,,,,,,,,,,,,,,0.0
2041,,,,,,,,,,,,,,0.0
2033,,,,,,,,,,,,,,0.0
1054,,,,,,,,,,,,,,
298,,,,,,,,,,,,,,
334,,,,,,,,,,,,,,
1057,,,,,,,,,,,,,,
350,,,,,,,,,,,,,,
1630,,,,,,,,,,,,,,
406,,,,,,,,,,,,,,
1473,,,,,,,,,,,,,,
1888,,,,,,,,,,,,,,
453,,,,,,,,,,,,,,
289,,,,,,,,,,,,,,
91,,,,,,,,,,,,,,
2319,,,,,,,,,,,,,,
2728,,,,,,,,,,,,,,1.0
1578,,,,,,,,,,,,,,
908,,,,,,,,,,,,,,
886,,,,,,,,,,,,,,
220,,,,,,,,,,,,,,
1802,,,,,,,,,,,,,,
1809,,,,,,,,,,,,,,1.0
1991,,,,,,,,,,,,,,
899,,,,,,,,,,,,,,
280,,,,,,,,,,,,,,
17,,,,,,,,,,,,,,
1349,,,,,,,,,,,,,,
2716,,,,,,,,,,,,,,
1004,,,,,,,,,,,,,,
2109,,,,,,,,,,,,,,1.0
2661,,,,,,,,,,,,,,
1169,,,,,,,,,,,,,,
2131,,,,,,,,,,,,,,1.0
2068,,,,,,,,,,,,,,
1002,,,,,,,,,,,,,,
2471,,,,,,,,,,,,,,0.0
2617,,,,,,,,,,,,,,1.0
2417,,,,,,,,,,,,,,
709,,,,,,,,,,,,,,
74,,,,,,,,,,,,,,
306,,,,,,,,,,,,,,
2292,,,,,,,,,,,,,,1.0
573,,,,,,,,,,,,,,
1173,,,,,,,,,,,,,,
1770,,,,,,,,,,,,,,
2856,,,,,,,,,,,,,,
1585,,,,,,,,,,,,,,
2099,,,,,,,,,,,,,,1.0
2637,,,,,,,,,,,,,,0.0
2336,,,,,,,,,,,,,,0.0
2114,,,,,,,,,,,,,,
1005,,,,,,,,,,,,,,
1185,,,,,,,,,,,,,,
1320,,,,,,,,,,,,,,
2063,,,,,,,,,,,,,,
1972,,,,,,,,,,,,,,1.0
2569,,,,,,,,,,,,,,0.0
2731,,,,,,,,,,,,,,1.0
1126,,,,,,,,,,,,,,
658,,,,,,,,,,,,,,
1117,,,,,,,,,,,,,,
1311,,,,,,,,,,,,,,
398,,,,,,,,,,,,,,
245,,,,,,,,,,,,,,
2202,,,,,,,,,,,,,,
2031,,,,,,,,,,,,,,
725,,,,,,,,,,,,,,
1556,,,,,,,,,,,,,,
2786,,,,,,,,,,,,,,
2702,,,,,,,,,,,,,,
833,,,,,,,,,,,,,,
1625,,,,,,,,,,,,,,
2008,,,,,,,,,,,,,,
979,,,,,,,,,,,,,,
856,,,,,,,,,,,,,,
1566,,,,,,,,,,,,,,
779,,,,,,,,,,,,,,
1679,,,,,,,,,,,,,,
2650,,,,,,,,,,,,,,0.0
1404,,,,,,,,,,,,,,
2044,,,,,,,,,,,,,,0.0
816,,,,,,,,,,,,,,
2301,,,,,,,,,,,,,,1.0
1060,,,,,,,,,,,,,,
1234,,,,,,,,,,,,,,
27,,,,,,,,,,,,,,
2120,,,,,,,,,,,,,,
2788,,,,,,,,,,,,,,0.0
1340,,,,,,,,,,,,,,
2567,,,,,,,,,,,,,,1.0
1102,,,,,,,,,,,,,,
2057,,,,,,,,,,,,,,
2712,,,,,,,,,,,,,,1.0
2779,,,,,,,,,,,,,,1.0
788,,,,,,,,,,,,,,
2465,,,,,,,,,,,,,,1.0
240,,,,,,,,,,,,,,
2053,,,,,,,,,,,,,,0.0
2616,,,,,,,,,,,,,,
777,,,,,,,,,,,,,,
25,,,,,,,,,,,,,,
2611,,,,,,,,,,,,,,
399,,,,,,,,,,,,,,
803,,,,,,,,,,,,,,
997,,,,,,,,,,,,,,
1887,,,,,,,,,,,,,,0.0
1435,,,,,,,,,,,,,,
168,,,,,,,,,,,,,,
712,,,,,,,,,,,,,,
1168,,,,,,,,,,,,,,
1153,,,,,,,,,,,,,,
1046,,,,,,,,,,,,,,
1351,,,,,,,,,,,,,,
1728,,,,,,,,,,,,,,1.0
628,,,,,,,,,,,,,,
1573,,,,,,,,,,,,,,
1155,,,,,,,,,,,,,,
1669,,,,,,,,,,,,,,
1703,,,,,,,,,,,,,,
45,,,,,,,,,,,,,,
2719,,,,,,,,,,,,,,0.0
2732,,,,,,,,,,,,,,0.0
1581,,,,,,,,,,,,,,0.0
1438,,,,,,,,,,,,,,
1795,,,,,,,,,,,,,,1.0
1855,,,,,,,,,,,,,,
642,,,,,,,,,,,,,,
1768,,,,,,,,,,,,,,0.0
1664,,,,,,,,,,,,,,
1272,,,,,,,,,,,,,,
672,,,,,,,,,,,,,,
2402,,,,,,,,,,,,,,
1774,,,,,,,,,,,,,,
2604,,,,,,,,,,,,,,
811,,,,,,,,,,,,,,
588,,,,,,,,,,,,,,
1928,,,,,,,,,,,,,,1.0
1932,,,,,,,,,,,,,,
1455,,,,,,,,,,,,,,0.0
838,,,,,,,,,,,,,,
692,,,,,,,,,,,,,,
1367,,,,,,,,,,,,,,
1097,,,,,,,,,,,,,,
2160,,,,,,,,,,,,,,
1962,,,,,,,,,,,,,,
2235,,,,,,,,,,,,,,
2070,,,,,,,,,,,,,,0.0
2419,,,,,,,,,,,,,,0.0
1089,,,,,,,,,,,,,,
2345,,,,,,,,,,,,,,
165,,,,,,,,,,,,,,
58,,,,,,,,,,,,,,
1894,,,,,,,,,,,,,,1.0
981,,,,,,,,,,,,,,
723,,,,,,,,,,,,,,
906,,,,,,,,,,,,,,
2253,,,,,,,,,,,,,,
1047,,,,,,,,,,,,,,
267,,,,,,,,,,,,,,
441,,,,,,,,,,,,,,
1188,,,,,,,,,,,,,,
445,,,,,,,,,,,,,,
2629,,,,,,,,,,,,,,0.0
1840,,,,,,,,,,,,,,0.0
1176,,,,,,,,,,,,,,
794,,,,,,,,,,,,,,
1023,,,,,,,,,,,,,,
481,,,,,,,,,,,,,,
2272,,,,,,,,,,,,,,
784,,,,,,,,,,,,,,
2771,,,,,,,,,,,,,,0.0
1568,,,,,,,,,,,,,,
2409,,,,,,,,,,,,,,
216,,,,,,,,,,,,,,
2717,,,,,,,,,,,,,,0.0
993,,,,,,,,,,,,,,
1286,,,,,,,,,,,,,,
1966,,,,,,,,,,,,,,0.0
1853,,,,,,,,,,,,,,
1114,,,,,,,,,,,,,,
2599,,,,,,,,,,,,,,
2736,,,,,,,,,,,,,,
268,,,,,,,,,,,,,,
285,,,,,,,,,,,,,,
677,,,,,,,,,,,,,,
2196,,,,,,,,,,,,,,1.0
2203,,,,,,,,,,,,,,0.0
396,,,,,,,,,,,,,,
75,,,,,,,,,,,,,,
2387,,,,,,,,,,,,,,
136,,,,,,,,,,,,,,
1111,,,,,,,,,,,,,,
534,,,,,,,,,,,,,,
2134,,,,,,,,,,,,,,
913,,,,,,,,,,,,,,
564,,,,,,,,,,,,,,
1370,,,,,,,,,,,,,,
193,,,,,,,,,,,,,,
2777,,,,,,,,,,,,,,0.0
643,,,,,,,,,,,,,,
769,,,,,,,,,,,,,,
1906,,,,,,,,,,,,,,1.0
2105,,,,,,,,,,,,,,
2363,,,,,,,,,,,,,,0.0
1807,,,,,,,,,,,,,,0.0
996,,,,,,,,,,,,,,
1861,,,,,,,,,,,,,,0.0
1493,,,,,,,,,,,,,,0.0
2858,,,,,,,,,,,,,,
1504,,,,,,,,,,,,,,
2124,,,,,,,,,,,,,,
176,,,,,,,,,,,,,,
1743,,,,,,,,,,,,,,
257,,,,,,,,,,,,,,
2641,,,,,,,,,,,,,,0.0
751,,,,,,,,,,,,,,
2817,,,,,,,,,,,,,,1.0
150,,,,,,,,,,,,,,
1417,,,,,,,,,,,,,,
2498,,,,,,,,,,,,,,0.0
509,,,,,,,,,,,,,,
1461,,,,,,,,,,,,,,
753,,,,,,,,,,,,,,
120,,,,,,,,,,,,,,
65,,,,,,,,,,,,,,
905,,,,,,,,,,,,,,
1446,,,,,,,,,,,,,,0.0
1645,,,,,,,,,,,,,,1.0
592,,,,,,,,,,,,,,
129,,,,,,,,,,,,,,
1718,,,,,,,,,,,,,,1.0
214,,,,,,,,,,,,,,
1220,,,,,,,,,,,,,,
2204,,,,,,,,,,,,,,
1805,,,,,,,,,,,,,,
1881,,,,,,,,,,,,,,
1538,,,,,,,,,,,,,,
990,,,,,,,,,,,,,,
915,,,,,,,,,,,,,,
482,,,,,,,,,,,,,,
1731,,,,,,,,,,,,,,0.0
795,,,,,,,,,,,,,,
640,,,,,,,,,,,,,,
2553,,,,,,,,,,,,,,1.0
1850,,,,,,,,,,,,,,
2323,,,,,,,,,,,,,,
1071,,,,,,,,,,,,,,
1521,,,,,,,,,,,,,,
1390,,,,,,,,,,,,,,
710,,,,,,,,,,,,,,
1321,,,,,,,,,,,,,,
702,,,,,,,,,,,,,,
2867,,,,,,,,,,,,,,
1477,,,,,,,,,,,,,,0.0
2370,,,,,,,,,,,,,,
855,,,,,,,,,,,,,,
1499,,,,,,,,,,,,,,0.0
1147,,,,,,,,,,,,,,
2748,,,,,,,,,,,,,,0.0
1564,,,,,,,,,,,,,,0.0
2742,,,,,,,,,,,,,,
207,,,,,,,,,,,,,,
1971,,,,,,,,,,,,,,0.0
2428,,,,,,,,,,,,,,1.0
2081,,,,,,,,,,,,,,
2,,,,,,,,,,,,,,
1716,,,,,,,,,,,,,,0.0
1769,,,,,,,,,,,,,,
1211,,,,,,,,,,,,,,
1095,,,,,,,,,,,,,,
705,,,,,,,,,,,,,,
2050,,,,,,,,,,,,,,
544,,,,,,,,,,,,,,
2214,,,,,,,,,,,,,,1.0
1414,,,,,,,,,,,,,,
1912,,,,,,,,,,,,,,0.0
801,,,,,,,,,,,,,,
1938,,,,,,,,,,,,,,1.0
1441,,,,,,,,,,,,,,
1198,,,,,,,,,,,,,,
2174,,,,,,,,,,,,,,0.0
684,,,,,,,,,,,,,,
2693,,,,,,,,,,,,,,
338,,,,,,,,,,,,,,
1010,,,,,,,,,,,,,,
2375,,,,,,,,,,,,,,
579,,,,,,,,,,,,,,
2327,,,,,,,,,,,,,,0.0
1229,,,,,,,,,,,,,,
2226,,,,,,,,,,,,,,0.0
444,,,,,,,,,,,,,,
2232,,,,,,,,,,,,,,1.0
2698,,,,,,,,,,,,,,0.0
87,,,,,,,,,,,,,,
967,,,,,,,,,,,,,,
2799,,,,,,,,,,,,,,
2338,,,,,,,,,,,,,,1.0
2314,,,,,,,,,,,,,,
866,,,,,,,,,,,,,,
2139,,,,,,,,,,,,,,
871,,,,,,,,,,,,,,
10,,,,,,,,,,,,,,
2069,,,,,,,,,,,,,,0.0
2411,,,,,,,,,,,,,,
227,,,,,,,,,,,,,,
2494,,,,,,,,,,,,,,
918,,,,,,,,,,,,,,
1462,,,,,,,,,,,,,,
2689,,,,,,,,,,,,,,
1003,,,,,,,,,,,,,,
2283,,,,,,,,,,,,,,1.0
1268,,,,,,,,,,,,,,
512,,,,,,,,,,,,,,
2499,,,,,,,,,,,,,,
2161,,,,,,,,,,,,,,
2877,,,,,,,,,,,,,,
1632,,,,,,,,,,,,,,
2456,,,,,,,,,,,,,,1.0
1489,,,,,,,,,,,,,,0.0
32,,,,,,,,,,,,,,
1452,,,,,,,,,,,,,,0.0
1037,,,,,,,,,,,,,,
1700,,,,,,,,,,,,,,
1434,,,,,,,,,,,,,,
832,,,,,,,,,,,,,,
2740,,,,,,,,,,,,,,1.0
844,,,,,,,,,,,,,,
498,,,,,,,,,,,,,,
2295,,,,,,,,,,,,,,
1907,,,,,,,,,,,,,,0.0
1835,,,,,,,,,,,,,,
217,,,,,,,,,,,,,,
1892,,,,,,,,,,,,,,
1073,,,,,,,,,,,,,,
1791,,,,,,,,,,,,,,0.0
541,,,,,,,,,,,,,,
1975,,,,,,,,,,,,,,
546,,,,,,,,,,,,,,
849,,,,,,,,,,,,,,
410,,,,,,,,,,,,,,
948,,,,,,,,,,,,,,
1897,,,,,,,,,,,,,,
1783,,,,,,,,,,,,,,
2459,,,,,,,,,,,,,,
360,,,,,,,,,,,,,,
2279,,,,,,,,,,,,,,1.0
102,,,,,,,,,,,,,,
2028,,,,,,,,,,,,,,0.0
258,,,,,,,,,,,,,,
